Index,0 [0x0][0x0],1 [0x0][0x4],2 [0x3][0x2a],3 [0x5][0x1c],4 [0x5][0x1e],5 [0x5][0x20],6 [0x5][0x22],7 [0x3][0x2b],8 [0x3][0x2c],9 [0x5][0x24],10 [0x3][0x2d],11 [0x3][0x2e],12 [0x19][0x35],13 [0x1a][0x35],14 [0x1b][0x35],15 [0x5][0x26],16 [0x6][0xc],17 [0x6][0x10],18 [0x7][0x8],19 [0x5][0x28],20 [0x6][0x14],21 [0x6][0x18],22 [0x3][0x2f],23 [0x2][0x33],24 [0x2][0x34],25 [0x1c][0x35],26 [0x3][0x30],27 [0x3][0x31],28 [0x3][0x32]
1,"","",0,0,0,0,0,0,0,0,0,0,false,false,false,0,0,0,0,0,0,0,0,0,0,false,0,0,0
2,"","",0,0,0,0,0,0,0,0,0,0,false,false,false,0,0,0,0,0,0,0,0,0,0,false,0,0,0
3,"","",0,0,0,0,0,0,0,0,0,0,false,false,false,0,0,0,0,0,0,0,0,0,0,false,0,0,0
4,"","",0,0,0,0,0,0,0,0,0,0,false,false,false,0,0,0,0,0,0,0,0,0,0,false,0,0,0
5,"","",0,0,0,0,0,0,0,0,0,0,false,false,false,0,0,0,0,0,0,0,0,0,0,false,0,0,0
6,"","",0,0,0,0,0,0,0,0,0,0,false,false,false,0,0,0,0,0,0,0,0,0,0,false,0,0,0
7,"","",0,0,0,0,0,0,0,0,0,0,false,false,false,0,0,0,0,0,0,0,0,0,0,false,0,0,0
8,"","",0,0,0,0,0,0,0,0,0,0,false,false,false,0,0,0,0,0,0,0,0,0,0,false,0,0,0
9,"","",0,0,0,0,0,0,0,0,0,0,false,false,false,0,0,0,0,0,0,0,0,0,0,false,0,0,0
10,"","",0,0,0,0,0,0,0,0,0,0,false,false,false,0,0,0,0,0,0,0,0,0,0,false,0,0,0
11,"","",0,0,0,0,0,0,0,0,0,0,false,false,false,0,0,0,0,0,0,0,0,0,0,false,0,0,0
13,"","",0,0,0,0,0,0,0,0,0,0,false,false,false,0,0,0,0,0,0,0,0,0,0,false,0,0,0
14,"","",0,0,0,0,0,0,0,0,0,0,false,false,false,0,0,0,0,0,0,0,0,0,0,false,0,0,0
15,"","",0,0,0,0,0,0,0,0,0,0,false,false,false,0,0,0,0,0,0,0,0,0,0,false,0,0,0
16,"","",0,0,0,0,0,0,0,0,0,0,false,false,false,0,0,0,0,0,0,0,0,0,0,false,0,0,0
17,"","",0,0,0,0,0,0,0,0,0,0,false,false,false,0,0,0,0,0,0,0,0,0,0,false,0,0,0
18,"","",0,0,0,0,0,0,0,0,0,0,false,false,false,0,0,0,0,0,0,0,0,0,0,false,0,0,0
19,"","",0,0,0,0,0,0,0,0,0,0,false,false,false,0,0,0,0,0,0,0,0,0,0,false,0,0,0
20,"","",0,0,0,0,0,0,0,0,0,0,false,false,false,0,0,0,0,0,0,0,0,0,0,false,0,0,0
21,"","",0,0,0,0,0,0,0,0,0,0,false,false,false,0,0,0,0,0,0,0,0,0,0,false,0,0,0
22,"","",0,0,0,0,0,0,0,0,0,0,false,false,false,0,0,0,0,0,0,0,0,0,0,false,0,0,0
24,"","",0,0,0,0,0,0,0,0,0,0,false,false,false,0,0,0,0,0,0,0,0,0,0,false,0,0,0
25,"","",0,0,0,0,0,0,0,0,0,0,false,false,false,0,0,0,0,0,0,0,0,0,0,false,0,0,0
26,"","",0,0,0,0,0,0,0,0,0,0,false,false,false,0,0,0,0,0,0,0,0,0,0,false,0,0,0
27,"","",0,0,0,0,0,0,0,0,0,0,false,false,false,0,0,0,0,0,0,0,0,0,0,false,0,0,0
28,"","",0,0,0,0,0,0,0,0,0,0,false,false,false,0,0,0,0,0,0,0,0,0,0,false,0,0,0
128,"s1t1","ffxiv/sea_s1/twn/s1t1/level/s1t1",1,22,500,28,11,0,0,0,131,0,true,false,false,1020,122007,123002,852085,0,8,-1,0,-1,0,false,0,0,0
129,"s1t2","ffxiv/sea_s1/twn/s1t2/level/s1t2",1,22,500,29,12,0,0,0,132,0,true,false,false,1020,122007,123003,852088,0,8,-1,0,-1,1,false,0,0,0
130,"w1t1","ffxiv/wil_w1/twn/w1t1/level/w1t1",1,24,504,40,13,0,0,0,133,0,true,false,false,1035,122008,123102,852086,0,9,-1,0,-1,2,false,0,0,0
131,"w1t2","ffxiv/wil_w1/twn/w1t2/level/w1t2",1,24,504,41,14,0,0,0,134,0,true,false,false,1035,122008,123103,0,0,9,-1,0,-1,3,false,0,0,0
132,"f1t1","ffxiv/fst_f1/twn/f1t1/level/f1t1",1,23,506,52,2,0,0,0,129,0,true,false,false,1003,122009,123202,852087,0,2,-1,2,-1,4,false,0,0,0
133,"f1t2","ffxiv/fst_f1/twn/f1t2/level/f1t2",1,23,506,53,3,0,0,0,130,0,true,false,false,1003,122009,123203,852103,0,2,-1,0,-1,5,false,0,0,0
134,"s1f1","ffxiv/sea_s1/fld/s1f1/level/s1f1",1,22,502,30,15,0,1,0,16,0,true,true,true,1021,122001,123004,852316,0,52,-1,0,-1,6,false,0,0,0
135,"s1f2","ffxiv/sea_s1/fld/s1f2/level/s1f2",1,22,502,31,16,0,1,0,17,0,true,true,true,1021,122001,123005,0,0,10,-1,0,-1,7,false,0,0,0
136,"s1h1_test","ffxiv/sea_s1/hou/s1h1/level/s1h1",1,22,502,425,72,0,0,0,14,0,false,false,false,1083,122001,123010,0,0,8,-1,0,-1,8,false,0,0,0
137,"s1f3","ffxiv/sea_s1/fld/s1f3/level/s1f3",1,22,502,32,17,0,1,0,18,0,true,true,true,1021,122001,123006,0,0,11,-1,0,-1,9,false,0,0,0
138,"s1f4","ffxiv/sea_s1/fld/s1f4/level/s1f4",1,22,502,33,18,0,1,0,19,0,true,true,true,1021,122001,123007,852317,0,13,-1,0,-1,10,false,0,0,0
139,"s1f5","ffxiv/sea_s1/fld/s1f5/level/s1f5",1,22,502,34,19,0,1,0,20,0,true,true,true,1021,122001,123008,0,0,15,-1,0,-1,11,false,0,0,0
140,"w1f1","ffxiv/wil_w1/fld/w1f1/level/w1f1",1,24,505,42,20,0,1,0,9,0,true,true,true,1036,122002,123104,852089,0,17,-1,0,-1,12,false,0,0,0
141,"w1f2","ffxiv/wil_w1/fld/w1f2/level/w1f2",1,24,505,43,21,0,1,0,10,0,true,true,true,1036,122002,123105,852111,0,53,-1,0,-1,13,false,0,0,0
142,"w1d7_battle","ffxiv/wil_w1/dun/w1d7/level/w1d7",1,24,505,49,195,2,10,81,0,0,true,false,false,1001,122002,124116,0,0,0,-1,68,-1,-1,false,0,0,0
143,"r1fd","ffxiv/roc_r1/fld/r1fd/level/r1fd",1,25,508,406,186,2,24,83,28,2,true,false,false,1001,122004,124313,0,0,0,-1,88,-1,-1,false,0,0,0
144,"w1eb","ffxiv/wil_w1/evt/w1eb/level/w1eb",1,24,505,1484,196,0,23,0,0,0,true,false,false,1143,122002,124117,0,0,62,-1,77,-1,-1,false,0,0,0
145,"w1f3","ffxiv/wil_w1/fld/w1f3/level/w1f3",1,24,505,44,22,0,1,0,11,0,true,true,true,1036,122002,123106,853019,0,18,-1,0,-1,14,false,0,0,0
146,"w1f4","ffxiv/wil_w1/fld/w1f4/level/w1f4",1,24,505,45,23,0,1,0,12,0,true,true,true,1036,122002,123107,852388,0,19,-1,0,-1,15,false,0,0,0
147,"w1f5","ffxiv/wil_w1/fld/w1f5/level/w1f5",1,24,505,46,24,0,1,0,13,0,true,true,true,1036,122002,123108,852014,0,21,-1,0,-1,16,false,0,0,0
148,"f1f1","ffxiv/fst_f1/fld/f1f1/level/f1f1",1,23,507,54,4,0,1,0,3,0,true,true,true,1004,122003,123204,852246,0,3,-1,0,-1,17,false,0,0,0
149,"z1z3","ffxiv/sea_s1/pvp/s1p5/level/s1p5",4,22,502,1664,285,2,28,128,65,0,true,false,false,1001,122001,124016,0,0,0,-1,138,-1,-1,true,1,0,0
150,"l1d1","ffxiv/lak_l1/dun/l1d1/level/l1d1",1,26,509,418,201,2,3,32,74,0,true,false,false,1001,122005,124401,0,0,0,-1,87,-1,-1,false,0,0,0
151,"l1r3","ffxiv/lak_l1/rad/l1r3/level/l1r3",1,26,509,1431,184,2,8,111,0,0,true,false,false,1001,122011,124603,0,0,0,-1,0,-1,-1,false,0,0,0
152,"f1f2","ffxiv/fst_f1/fld/f1f2/level/f1f2",1,23,507,55,5,0,1,0,4,0,true,true,true,1004,122003,123205,852446,0,4,-1,0,-1,18,false,0,0,11
153,"f1f3","ffxiv/fst_f1/fld/f1f3/level/f1f3",1,23,507,56,6,0,1,0,5,0,true,true,true,1004,122003,123206,852244,0,5,-1,0,-1,19,false,0,0,0
154,"f1f4","ffxiv/fst_f1/fld/f1f4/level/f1f4",1,23,507,57,7,0,1,0,6,0,true,true,true,1004,122003,123207,0,0,7,-1,0,-1,20,false,0,0,0
155,"r1f1","ffxiv/roc_r1/fld/r1f1/level/r1f1",1,25,508,63,53,0,1,0,21,1,true,true,true,1072,122004,123301,852247,0,23,-1,0,-1,21,false,0,0,10
156,"l1f1","ffxiv/lak_l1/fld/l1f1/level/l1f1",1,26,509,67,25,0,1,0,22,0,true,true,true,1073,122005,123401,852412,0,24,-1,0,-1,22,false,0,0,0
157,"s1d1","ffxiv/sea_s1/dun/s1d1/level/s1d1",1,22,502,35,31,2,3,4,0,0,true,false,false,1032,122001,124001,0,0,0,-1,24,-1,-1,false,0,0,0
158,"s1d2","ffxiv/sea_s1/dun/s1d2/level/s1d2",1,22,502,36,45,2,3,8,0,0,true,false,false,1033,122001,124003,0,0,0,-1,25,-1,-1,false,0,0,0
159,"s1d3","ffxiv/sea_s1/dun/s1d3/level/s1d3",1,22,502,37,32,2,3,10,0,0,true,false,false,1034,122001,124005,0,0,0,-1,26,-1,-1,false,0,0,0
160,"s1d4","ffxiv/sea_s1/dun/s1d4/level/s1d4",1,22,502,230,108,2,3,17,28,0,true,false,false,1001,122001,124007,0,0,0,-1,19,-1,-1,false,0,0,0
161,"w1d1","ffxiv/wil_w1/dun/w1d1/level/w1d1",1,24,505,48,34,2,3,3,0,0,true,false,false,1047,122002,124101,0,0,0,-1,29,-1,-1,false,0,0,0
162,"w1d2","ffxiv/wil_w1/dun/w1d2/level/w1d2",1,24,505,49,46,2,3,7,0,0,true,false,false,1048,122002,124103,0,0,0,-1,30,-1,-1,false,0,0,0
163,"w1d3","ffxiv/wil_w1/dun/w1d3/level/w1d3",1,24,505,50,42,2,3,9,0,0,true,false,false,1049,122002,124105,0,0,0,-1,13,-1,-1,false,0,0,0
164,"f1d1","ffxiv/fst_f1/dun/f1d1/level/f1d1",1,23,507,58,8,2,3,2,0,0,true,false,false,1015,122003,124201,0,0,0,-1,28,-1,-1,false,0,0,0
166,"f1d2","ffxiv/fst_f1/dun/f1d2/level/f1d2",1,23,507,59,48,2,3,6,0,0,true,false,false,1017,122003,124203,0,0,0,-1,32,-1,-1,false,0,0,0
167,"f1d3","ffxiv/fst_f1/dun/f1d3/level/f1d3",1,23,507,128,49,2,3,14,28,0,true,false,false,1018,122003,124205,0,0,0,-1,7,-1,-1,false,0,0,0
168,"r1d1","ffxiv/roc_r1/dun/r1d1/level/r1d1",1,25,508,401,37,2,3,11,27,2,true,false,false,1069,122004,124301,0,0,0,-1,12,-1,-1,false,0,0,0
169,"f1r1","ffxiv/fst_f1/rad/f1r1/level/f1r1",1,23,507,61,9,2,3,1,0,0,true,false,false,1016,122003,124207,0,0,0,-1,31,-1,-1,false,0,0,0
170,"w1r1","ffxiv/wil_w1/rad/w1r1/level/w1r1",1,24,505,47,52,2,3,12,0,0,true,false,false,1050,122002,124107,0,0,0,-1,8,-1,-1,false,0,0,0
171,"r1r1","ffxiv/roc_r1/rad/r1r1/level/r1r1",1,25,508,64,50,2,3,13,0,0,true,false,false,1070,122004,124303,0,0,0,-1,9,-1,-1,false,0,0,0
172,"r1r2","ffxiv/roc_r1/rad/r1r2/level/r1r2",1,25,508,65,38,2,3,5,0,0,true,false,false,1071,122004,124304,0,0,0,-1,33,-1,-1,false,0,0,0
174,"l1r1","ffxiv/lak_l1/rad/l1r1/level/l1r1",1,26,509,478,71,2,8,92,0,0,true,false,false,1001,122011,124601,0,0,0,-1,21,-1,-1,false,0,0,0
175,"s1p2","ffxiv/sea_s1/pvp/s1p2/level/s1p2",4,22,502,154,81,2,4,121,29,0,true,false,false,1001,122001,124006,0,0,0,-1,0,-1,-1,true,0,0,0
176,"z1j1","ffxiv/zon_z1/jai/z1j1/level/z1j1",1,148,0,153,1,0,5,0,0,0,false,false,false,1001,-1,-1,0,0,55,-1,0,-1,-1,false,0,0,0
177,"s1ti","ffxiv/sea_s1/twn/s1ti/level/s1ti",1,22,500,733,26,0,2,0,0,0,true,false,false,5,122001,123001,852012,0,8,-1,0,-1,23,false,0,0,0
178,"w1ti","ffxiv/wil_w1/twn/w1ti/level/w1ti",1,24,504,617,27,0,2,0,0,0,true,false,false,5,122002,123101,852013,0,9,-1,0,-1,24,false,0,0,0
179,"f1ti","ffxiv/fst_f1/twn/f1ti/level/f1ti",1,23,506,548,28,0,2,0,0,0,true,false,false,5,122003,123201,852098,0,2,-1,0,-1,25,false,0,0,0
180,"s1f6","ffxiv/sea_s1/fld/s1f6/level/s1f6",1,22,502,350,30,0,1,0,24,0,true,true,true,1021,122001,123009,852387,0,16,-1,0,-1,26,false,0,0,0
181,"s1t1_opening","ffxiv/sea_s1/twn/s1t1/level/s1t1",1,22,500,27,11,0,6,0,0,0,true,false,false,1020,122007,123002,852076,0,8,1300,0,-1,-1,false,0,0,0
182,"w1t1_opening","ffxiv/wil_w1/twn/w1t1/level/w1t1",1,24,504,40,13,0,6,0,0,0,true,false,false,1035,122008,123102,852077,0,9,1300,0,-1,-1,false,0,0,0
183,"f1t1_opening","ffxiv/fst_f1/twn/f1t1/level/f1t1",1,23,506,52,2,0,6,0,0,0,true,false,false,1003,122009,123202,852073,0,2,1300,0,-1,-1,false,0,0,0
184,"s1p2_005","ffxiv/sea_s1/pvp/s1p2/level/s1p2",4,22,502,154,81,2,4,125,29,0,true,false,false,1001,122001,124006,0,0,0,-1,0,-1,-1,true,0,0,0
185,"","",0,0,0,0,0,0,0,0,0,0,false,false,false,0,0,0,0,0,0,0,0,0,0,false,0,0,0
186,"s1p2_006","ffxiv/sea_s1/pvp/s1p2/level/s1p2",4,22,502,154,81,2,4,126,29,0,true,false,false,1001,122001,124006,0,0,0,-1,0,-1,-1,true,0,0,0
187,"","",0,0,0,0,0,0,0,0,0,0,false,false,false,0,0,0,0,0,0,0,0,0,0,false,0,0,0
188,"s1d8","ffxiv/sea_s1/dun/s1d8/level/s1d8",1,22,502,37,188,2,3,30,40,0,true,false,false,1001,122001,124014,0,0,0,-1,81,-1,-1,false,0,0,0
189,"f1d7","ffxiv/fst_f1/dun/f1d7/level/f1d7",1,23,507,128,189,2,3,29,40,0,true,false,false,1001,122003,124212,0,0,0,-1,79,-1,-1,false,0,0,0
190,"go002","ffxiv/fst_f1/fld/f1f1/level/f1f1",1,23,507,54,4,2,3,43,3,0,true,false,false,1001,-1,-1,0,0,0,-1,0,-1,-1,false,0,0,0
191,"go005","ffxiv/fst_f1/fld/f1f2/level/f1f2",1,23,507,55,5,2,3,46,4,0,true,false,false,1001,-1,-1,0,0,0,-1,0,-1,-1,false,0,0,0
192,"go006","ffxiv/fst_f1/fld/f1f3/level/f1f3",1,23,507,56,6,2,3,47,5,0,true,false,false,1001,-1,-1,0,0,0,-1,0,-1,-1,false,0,0,0
193,"w1b1","ffxiv/wil_w1/bah/w1b1/level/w1b1",1,24,505,1406,175,2,16,107,0,0,true,false,false,1001,122013,124531,0,0,0,-1,60,-1,-1,false,0,0,0
194,"w1b2","ffxiv/wil_w1/bah/w1b2/level/w1b2",1,24,505,1407,176,2,16,108,0,0,true,false,false,1001,122013,124532,0,0,0,-1,61,-1,-1,false,0,0,0
195,"w1b3","ffxiv/wil_w1/bah/w1b3/level/w1b3",1,24,505,1408,177,2,17,109,0,0,true,false,false,1001,122013,124533,0,0,0,-1,62,-1,-1,false,0,0,0
196,"w1b4","ffxiv/wil_w1/bah/w1b4/level/w1b4",1,24,505,1409,178,2,17,110,44,0,true,false,false,1001,122010,124534,0,0,0,-1,63,-1,-1,false,0,0,0
197,"","",0,0,0,0,0,0,0,0,0,0,false,false,false,0,0,0,0,0,0,0,0,0,0,false,0,0,0
198,"s1e4","ffxiv/sea_s1/evt/s1e4/level/s1e4",1,22,500,351,75,0,15,0,14,0,true,false,false,75,-1,-1,852801,0,8,-1,0,-1,-1,false,0,0,0
199,"","",0,0,0,0,0,0,0,0,0,0,false,false,false,0,0,0,0,0,0,0,0,0,0,false,0,0,0
200,"","",0,0,0,0,0,0,0,0,0,0,false,false,false,0,0,0,0,0,0,0,0,0,0,false,0,0,0
201,"","",0,0,0,0,0,0,0,0,0,0,false,false,false,0,0,0,0,0,0,0,0,0,0,false,0,0,0
202,"w1fa","ffxiv/wil_w1/fld/w1fa/level/w1fa",1,24,505,357,35,2,10,56,25,0,true,false,false,1001,-1,-1,0,0,0,-1,5,-1,-1,false,0,0,0
203,"","",0,0,0,0,0,0,0,0,0,0,false,false,false,0,0,0,0,0,0,0,0,0,0,false,0,0,0
204,"f1e4","ffxiv/fst_f1/evt/f1e4/level/f1e4",1,23,506,346,68,0,15,0,0,0,true,false,false,85,-1,-1,0,0,2,-1,0,-1,-1,false,0,0,0
205,"f1e5","ffxiv/fst_f1/evt/f1e5/level/f1e5",1,23,506,347,69,0,15,0,0,0,true,false,false,73,-1,-1,0,0,2,-1,0,-1,-1,false,0,0,0
206,"s1fa","ffxiv/sea_s1/fld/s1fa/level/s1fa",1,22,502,359,33,2,10,57,23,0,true,false,false,1001,-1,-1,0,0,0,-1,6,-1,-1,false,0,0,0
207,"f1fa","ffxiv/fst_f1/fld/f1fa/level/f1fa",1,23,507,360,36,2,10,66,30,0,true,false,false,1001,122003,124208,0,0,0,-1,18,-1,-1,false,0,0,0
208,"r1fa","ffxiv/roc_r1/fld/r1fa/level/r1fa",1,25,508,361,39,2,10,58,26,0,true,false,false,1001,-1,-1,0,0,0,-1,10,-1,-1,false,0,0,0
209,"","",0,0,0,0,0,0,0,0,0,0,false,false,false,0,0,0,0,0,0,0,0,0,0,false,0,0,0
210,"w1e4","ffxiv/wil_w1/evt/w1e4/level/w1e4",1,24,504,354,78,0,15,0,0,0,true,false,false,85,-1,-1,0,0,9,-1,0,-1,-1,false,0,0,0
211,"","",0,0,0,0,0,0,0,0,0,0,false,false,false,0,0,0,0,0,0,0,0,0,0,false,0,0,0
212,"w1e6","ffxiv/wil_w1/evt/w1e6/level/w1e6",1,24,505,356,80,0,15,0,0,0,true,false,false,1036,-1,-1,852093,0,17,-1,0,-1,-1,false,0,0,0
213,"","",0,0,0,0,0,0,0,0,0,0,false,false,false,0,0,0,0,0,0,0,0,0,0,false,0,0,0
214,"go001","ffxiv/sea_s1/fld/s1f1/level/s1f1",1,22,502,30,15,2,3,42,16,0,true,false,false,1001,-1,-1,0,0,0,-1,0,-1,-1,false,0,0,0
215,"go003","ffxiv/wil_w1/fld/w1f1/level/w1f1",1,24,505,42,20,2,3,44,9,0,true,false,false,1001,-1,-1,0,0,0,-1,0,-1,-1,false,0,0,0
216,"go004","ffxiv/wil_w1/fld/w1f2/level/w1f2",1,24,505,43,21,2,3,45,10,0,true,false,false,1001,-1,-1,0,0,0,-1,0,-1,-1,false,0,0,0
217,"w1d4","ffxiv/wil_w1/dun/w1d4/level/w1d4",1,24,505,260,47,2,3,15,0,0,true,false,false,1001,122002,124112,0,0,0,-1,35,-1,-1,false,0,0,0
218,"","",0,0,0,0,0,0,0,0,0,0,false,false,false,0,0,0,0,0,0,0,0,0,0,false,0,0,0
219,"go008","ffxiv/fst_f1/fld/f1f1/level/f1f1",1,23,507,54,4,2,3,49,3,0,true,false,false,1001,-1,-1,0,0,0,-1,0,-1,-1,false,0,0,0
220,"go007","ffxiv/fst_f1/fld/f1f3/level/f1f3",1,23,507,56,6,2,3,48,5,0,true,false,false,1001,-1,-1,0,0,0,-1,0,-1,-1,false,0,0,0
221,"go009","ffxiv/sea_s1/fld/s1f5/level/s1f5",1,22,502,34,19,2,3,50,20,0,true,false,false,1001,-1,-1,0,0,0,-1,0,-1,-1,false,0,0,0
222,"go010","ffxiv/sea_s1/fld/s1f2/level/s1f2",1,22,502,31,16,2,3,51,17,0,true,false,false,1001,-1,-1,0,0,0,-1,0,-1,-1,false,0,0,0
223,"go011","ffxiv/roc_r1/fld/r1f1/level/r1f1",1,25,508,63,53,2,3,52,21,2,true,false,false,1001,-1,-1,0,0,0,-1,0,-1,-1,false,0,0,0
224,"w1d5","ffxiv/wil_w1/dun/w1d5/level/w1d5",1,24,505,430,56,2,3,16,0,0,true,false,false,1001,122002,124113,0,0,0,-1,14,-1,-1,false,0,0,0
225,"e0002","ffxiv/fst_f1/fld/f1f1/level/f1f1",1,23,507,54,4,3,9,0,3,0,true,false,false,37,122003,123204,0,15,0,-1,0,-1,-1,false,0,0,0
226,"e0003","ffxiv/fst_f1/fld/f1f1/level/f1f1",1,23,507,54,4,3,9,0,3,0,true,false,false,36,122003,123204,0,12,0,-1,0,-1,-1,false,0,0,0
227,"e0004","ffxiv/fst_f1/fld/f1f1/level/f1f1",1,23,507,54,4,3,9,0,3,0,true,false,false,37,122003,123204,0,14,0,-1,0,-1,-1,false,0,0,0
228,"e0007","ffxiv/fst_f1/fld/f1f4/level/f1f4",1,23,507,57,7,3,9,0,6,0,true,false,false,37,122003,123207,0,6,0,-1,0,-1,-1,false,0,0,0
229,"e0008","ffxiv/fst_f1/fld/f1f3/level/f1f3",1,23,507,56,6,3,9,0,5,0,true,false,false,37,122003,123206,0,5,0,-1,0,-1,-1,false,0,0,0
230,"e0009","ffxiv/fst_f1/fld/f1f1/level/f1f1",1,23,507,54,4,3,9,0,3,0,true,false,false,37,122003,123204,0,4,0,-1,0,-1,-1,false,0,0,0
231,"e0010","ffxiv/fst_f1/fld/f1f3/level/f1f3",1,23,507,56,6,3,9,0,5,0,true,false,false,37,122003,123206,0,2,0,-1,0,-1,-1,false,0,0,0
232,"e0016","ffxiv/fst_f1/fld/f1f3/level/f1f3",1,23,507,56,6,3,9,0,5,0,true,false,false,39,122003,123206,0,13,0,-1,0,-1,-1,false,0,0,0
233,"e0001","ffxiv/fst_f1/fld/f1f1/level/f1f1",1,23,507,54,4,3,9,0,3,0,true,false,false,37,122003,123204,0,11,0,-1,0,-1,-1,false,0,0,0
234,"e0005","ffxiv/fst_f1/fld/f1f2/level/f1f2",1,23,507,55,5,3,9,0,4,0,true,false,false,39,122003,123205,0,16,0,-1,0,-1,-1,false,0,0,0
235,"e0006","ffxiv/fst_f1/fld/f1f3/level/f1f3",1,23,507,56,6,3,9,0,5,0,true,false,false,113,122003,123206,0,17,0,-1,0,-1,-1,false,0,0,0
236,"e0011","ffxiv/fst_f1/fld/f1f3/level/f1f3",1,23,507,56,6,3,9,0,5,0,true,false,false,113,122003,123206,0,3,0,-1,0,-1,-1,false,0,0,0
237,"e0012","ffxiv/fst_f1/fld/f1f1/level/f1f1",1,23,507,54,4,3,9,0,3,0,true,false,false,37,122003,123204,0,7,0,-1,0,-1,-1,false,0,0,0
238,"e0013","ffxiv/fst_f1/twn/f1t2/level/f1t2",1,23,506,53,3,3,9,0,2,0,true,false,false,39,122009,123203,0,8,0,-1,0,-1,-1,false,0,0,0
239,"e0014","ffxiv/fst_f1/fld/f1f1/level/f1f1",1,23,507,54,4,3,9,0,3,0,true,false,false,37,122003,123204,0,9,0,-1,0,-1,-1,false,0,0,0
240,"e0015","ffxiv/fst_f1/fld/f1f4/level/f1f4",1,23,507,57,7,3,9,0,6,0,true,false,false,113,122003,123207,0,10,0,-1,0,-1,-1,false,0,0,0
241,"s1b1","ffxiv/sea_s1/bah/s1b1/level/s1b1",1,22,502,464,57,2,16,93,0,0,true,false,false,1001,122001,124501,0,0,0,-1,0,-1,-1,false,0,0,0
242,"s1b2","ffxiv/sea_s1/bah/s1b2/level/s1b2",1,22,502,465,58,2,17,94,0,0,true,false,false,1001,122001,124502,0,0,0,-1,11,-1,-1,false,0,0,0
243,"s1b3","ffxiv/sea_s1/bah/s1b3/level/s1b3",1,22,502,466,62,2,16,95,0,0,true,false,false,1001,122006,124503,0,0,0,-1,0,-1,-1,false,0,0,0
244,"s1b4","ffxiv/sea_s1/bah/s1b4/level/s1b4",1,22,502,467,59,2,17,96,0,0,true,false,false,1001,122006,124504,0,0,0,-1,0,-1,-1,false,0,0,0
245,"s1b5","ffxiv/sea_s1/bah/s1b5/level/s1b5",1,22,502,468,60,2,16,97,0,0,true,false,false,1001,122006,124505,0,0,0,-1,15,-1,-1,false,0,0,0
246,"w1b5","ffxiv/wil_w1/bah/w1b5/level/w1b5",1,24,505,1410,1,0,12,0,0,0,true,false,false,1001,122014,124535,852738,0,22,-1,0,-1,-1,false,0,0,0
247,"s1b7","ffxiv/sea_s1/bah/s1b7/level/s1b7",1,22,502,469,1,0,12,0,0,0,true,false,false,1001,122006,124506,0,0,22,-1,0,-1,-1,false,0,0,0
248,"e0017","ffxiv/wil_w1/fld/w1f2/level/w1f2",1,24,505,43,21,3,9,0,10,0,true,false,false,37,122002,123105,0,18,0,-1,0,-1,-1,false,0,0,0
249,"e0018","ffxiv/sea_s1/fld/s1f2/level/s1f2",1,22,502,31,16,3,9,0,17,0,true,false,false,117,122001,123005,0,24,0,-1,0,-1,-1,false,0,0,0
250,"s1p1","ffxiv/sea_s1/pvp/s1p1/level/s1p1",1,22,502,358,51,0,1,0,29,0,true,false,false,1081,122001,123011,0,0,55,-1,0,-1,27,true,0,0,0
251,"e0028","ffxiv/wil_w1/twn/w1t1/level/w1t1",1,24,504,40,13,3,9,0,7,0,true,false,false,113,122008,123102,0,34,0,-1,0,-1,-1,false,0,0,0
252,"e0038","ffxiv/sea_s1/fld/s1f1/level/s1f1",1,22,502,30,15,3,9,0,16,0,true,false,false,37,122001,123004,0,35,0,-1,0,-1,-1,false,0,0,0
253,"e0019","ffxiv/wil_w1/fld/w1f2/level/w1f2",1,24,505,43,21,3,9,0,10,0,true,false,false,37,122002,123105,0,19,0,-1,0,-1,-1,false,0,0,0
254,"e0020","ffxiv/wil_w1/twn/w1t1/level/w1t1",1,24,504,40,13,3,9,0,7,0,true,false,false,37,122008,123102,0,20,0,-1,0,-1,-1,false,0,0,0
255,"e0021","ffxiv/wil_w1/fld/w1f1/level/w1f1",1,24,505,42,20,3,9,0,9,0,true,false,false,37,122002,123104,0,21,0,-1,0,-1,-1,false,0,0,0
256,"e0022","ffxiv/wil_w1/fld/w1f3/level/w1f3",1,24,505,44,22,3,9,0,11,0,true,false,false,39,122002,123106,0,22,0,-1,0,-1,-1,false,0,0,0
257,"e0023","ffxiv/wil_w1/fld/w1f3/level/w1f3",1,24,505,44,22,3,9,0,11,0,true,false,false,113,122002,123106,0,23,0,-1,0,-1,-1,false,0,0,0
258,"e0024","ffxiv/wil_w1/fld/w1f2/level/w1f2",1,24,505,43,21,3,9,0,10,0,true,false,false,37,122002,123105,0,30,0,-1,0,-1,-1,false,0,0,0
259,"e0025","ffxiv/wil_w1/twn/w1t1/level/w1t1",1,24,504,40,13,3,9,0,7,0,true,false,false,101,122008,123102,0,31,0,-1,0,-1,-1,false,0,0,0
260,"e0026","ffxiv/wil_w1/fld/w1f4/level/w1f4",1,24,505,45,23,3,9,0,12,0,true,false,false,37,122002,123107,0,32,0,-1,0,-1,-1,false,0,0,0
261,"e0027","ffxiv/wil_w1/fld/w1f4/level/w1f4",1,24,505,45,23,3,9,0,12,0,true,false,false,101,122002,123107,0,33,0,-1,0,-1,-1,false,0,0,0
262,"e0034","ffxiv/sea_s1/fld/s1f2/level/s1f2",1,22,502,31,16,3,9,0,17,0,true,false,false,39,122001,123005,0,25,0,-1,0,-1,-1,false,0,0,0
263,"e0035","ffxiv/sea_s1/fld/s1f4/level/s1f4",1,22,502,33,18,3,9,0,19,0,true,false,false,37,122001,123007,0,26,0,-1,0,-1,-1,false,0,0,0
264,"e0036","ffxiv/sea_s1/fld/s1f2/level/s1f2",1,22,502,31,16,3,9,0,17,0,true,false,false,33,122001,123005,0,27,0,-1,0,-1,-1,false,0,0,0
265,"e0037","ffxiv/sea_s1/fld/s1f2/level/s1f2",1,22,502,31,16,3,9,0,17,0,true,false,false,113,122001,123005,0,28,0,-1,0,-1,-1,false,0,0,0
266,"e0029","ffxiv/wil_w1/fld/w1f3/level/w1f3",1,24,505,44,22,3,9,0,11,0,true,false,false,117,122002,123106,0,40,0,-1,0,-1,-1,false,0,0,0
267,"e0030","ffxiv/wil_w1/fld/w1f1/level/w1f1",1,24,505,42,20,3,9,0,9,0,true,false,false,37,122002,123104,0,41,0,-1,0,-1,-1,false,0,0,0
268,"e0031","ffxiv/wil_w1/fld/w1f3/level/w1f3",1,24,505,44,22,3,9,0,11,0,true,false,false,39,122002,123106,0,42,0,-1,0,-1,-1,false,0,0,0
269,"e0032","ffxiv/wil_w1/fld/w1f1/level/w1f1",1,24,505,42,20,3,9,0,9,0,true,false,false,113,122002,123104,0,43,0,-1,0,-1,-1,false,0,0,0
270,"e0041","ffxiv/wil_w1/fld/w1f2/level/w1f2",1,24,505,43,21,3,9,0,10,0,true,false,false,37,122002,123105,0,37,0,-1,0,-1,-1,false,0,0,0
271,"e0042","ffxiv/wil_w1/fld/w1f2/level/w1f2",1,24,505,43,21,3,9,0,10,0,true,false,false,36,122002,123105,0,38,0,-1,0,-1,-1,false,0,0,0
272,"e0039","ffxiv/sea_s1/fld/s1f1/level/s1f1",1,22,502,30,15,3,9,0,16,0,true,false,false,37,122001,123004,0,29,0,-1,0,-1,-1,false,0,0,0
273,"e0043","ffxiv/wil_w1/fld/w1f1/level/w1f1",1,24,505,42,20,3,9,0,9,0,true,false,false,39,122002,123104,0,39,0,-1,0,-1,-1,false,0,0,0
274,"e0046","ffxiv/wil_w1/twn/w1t1/level/w1t1",1,24,504,40,13,3,9,0,7,0,true,false,false,108,122008,123102,0,44,0,-1,0,-1,-1,false,0,0,0
275,"e0047","ffxiv/wil_w1/fld/w1f3/level/w1f3",1,24,505,44,22,3,9,0,11,0,true,false,false,37,122002,123106,0,45,0,-1,0,-1,-1,false,0,0,0
276,"z1e5","ffxiv/zon_z1/evt/z1e5/level/z1e5",1,148,0,379,1,0,7,0,0,0,false,false,false,1001,-1,-1,0,0,0,-1,0,-1,-1,false,0,0,0
277,"e0048","ffxiv/fst_f1/fld/f1f2/level/f1f2",1,23,507,55,5,3,9,0,4,0,true,false,false,39,122003,123205,0,46,0,-1,0,-1,-1,false,0,0,0
278,"e0049","ffxiv/wil_w1/fld/w1f1/level/w1f1",1,24,505,42,20,3,9,0,9,0,true,false,false,39,122002,123104,0,47,0,-1,0,-1,-1,false,0,0,0
279,"e0050","ffxiv/sea_s1/fld/s1f2/level/s1f2",1,22,502,31,16,3,9,0,17,0,true,false,false,39,122001,123005,0,48,0,-1,0,-1,-1,false,0,0,0
280,"e0040","ffxiv/sea_s1/fld/s1f4/level/s1f4",1,22,502,33,18,3,9,0,19,0,true,false,false,36,122001,123007,0,36,0,-1,0,-1,-1,false,0,0,0
281,"o1fa","ffxiv/ocn_o1/fld/o1fa/level/o1fa",1,22,502,1334,147,2,10,72,38,0,true,false,false,1001,122001,124011,0,0,0,-1,36,-1,-1,false,0,0,0
282,"s1i1","ffxiv/sea_s1/ind/s1i1/level/s1i1",1,22,502,1100,109,0,14,0,0,0,true,false,false,1083,122001,123010,0,0,8,-1,0,-1,-1,false,0,0,0
283,"s1i2","ffxiv/sea_s1/ind/s1i2/level/s1i2",1,22,502,1101,110,0,14,0,0,0,true,false,false,1083,122001,123010,0,0,8,-1,0,-1,-1,false,0,0,0
284,"s1i3","ffxiv/sea_s1/ind/s1i3/level/s1i3",1,22,502,1102,113,0,14,0,0,0,true,false,false,1083,122001,123010,0,0,8,-1,0,-1,-1,false,0,0,0
285,"e0053","ffxiv/sea_s1/fld/s1f1/level/s1f1",1,22,502,30,15,3,9,0,16,0,true,false,false,39,122001,123004,0,50,0,-1,0,-1,-1,false,0,0,0
286,"e0054","ffxiv/ocn_o1/evt/o1e2/level/o1e2",1,22,502,462,95,3,9,0,0,0,true,false,false,39,-1,-1,0,51,0,-1,0,-1,-1,false,0,0,0
287,"e0055","ffxiv/sea_s1/fld/s1f2/level/s1f2",1,22,502,31,16,3,9,0,17,0,true,false,false,39,122001,123005,0,52,0,-1,0,-1,-1,false,0,0,0
288,"e0056","ffxiv/ocn_o1/evt/o1e2/level/o1e2",1,22,502,462,95,3,9,0,0,0,true,false,false,39,-1,-1,0,53,0,300,0,-1,-1,false,0,0,0
289,"e0057","ffxiv/fst_f1/fld/f1f2/level/f1f2",1,23,507,55,5,3,9,0,4,0,true,false,false,37,122003,123205,0,54,0,-1,0,-1,-1,false,0,0,0
290,"e0063","ffxiv/fst_f1/fld/f1f2/level/f1f2",1,23,507,55,5,3,9,0,4,0,true,false,false,37,122003,123205,0,55,0,-1,0,-1,-1,false,0,0,0
291,"e0064","ffxiv/fst_f1/fld/f1f3/level/f1f3",1,23,507,56,6,3,9,0,5,0,true,false,false,37,122003,123206,0,56,0,1300,0,-1,-1,false,0,0,0
292,"w1fa_2","ffxiv/wil_w1/fld/w1fa/level/w1fa",1,24,505,357,35,2,10,59,25,0,true,false,false,1001,122002,124109,0,0,0,-1,5,-1,-1,false,0,0,0
293,"s1fa_2","ffxiv/sea_s1/fld/s1fa/level/s1fa",1,22,502,359,33,2,10,60,23,0,true,false,false,1001,122001,124009,0,0,0,-1,6,-1,-1,false,0,0,0
294,"r1fa_2","ffxiv/roc_r1/fld/r1fa/level/r1fa",1,25,508,361,39,2,10,61,26,0,true,false,false,1001,122004,124306,0,0,0,-1,10,-1,-1,false,0,0,0
295,"w1fa_3","ffxiv/wil_w1/fld/w1fa/level/w1fa",1,24,505,357,35,2,10,63,25,0,true,false,false,1001,122002,124110,0,0,0,-1,23,-1,-1,false,0,0,0
296,"s1fa_3","ffxiv/sea_s1/fld/s1fa/level/s1fa",1,22,502,359,33,2,10,64,23,0,true,false,false,1001,122001,124010,0,0,0,-1,16,-1,-1,false,0,0,0
297,"r1fa_3","ffxiv/roc_r1/fld/r1fa/level/r1fa",1,25,508,361,39,2,10,65,26,0,true,false,false,1001,122004,124307,0,0,0,-1,0,-1,-1,false,0,0,0
298,"go012","ffxiv/roc_r1/fld/r1f1/level/r1f1",1,25,508,63,53,2,3,53,21,2,true,false,false,1001,-1,-1,0,0,0,-1,0,-1,-1,false,0,0,0
299,"go013","ffxiv/lak_l1/fld/l1f1/level/l1f1",1,26,509,67,25,2,3,54,22,0,true,false,false,1001,-1,-1,0,0,0,-1,0,-1,-1,false,0,0,0
300,"go014","ffxiv/lak_l1/fld/l1f1/level/l1f1",1,26,509,67,25,2,3,55,22,0,true,false,false,1001,-1,-1,0,0,0,-1,0,-1,-1,false,0,0,0
301,"e0051","ffxiv/roc_r1/fld/r1f1/level/r1f1",1,25,508,63,53,3,9,0,21,2,true,false,false,37,122004,123301,0,60,0,-1,0,-1,-1,false,0,0,0
302,"e0052","ffxiv/roc_r1/fld/r1f1/level/r1f1",1,25,508,63,53,3,9,0,21,2,true,false,false,113,122004,123301,0,61,0,-1,0,-1,-1,false,0,0,0
303,"e0058","ffxiv/fst_f1/fld/f1f2/level/f1f2",1,23,507,55,5,3,9,0,4,0,true,false,false,39,122003,123205,0,57,0,-1,0,-1,-1,false,0,0,0
304,"e0059","ffxiv/roc_r1/fld/r1f1/level/r1f1",1,25,508,63,53,3,9,0,21,2,true,false,false,113,122004,123301,0,62,0,-1,0,-1,-1,false,0,0,0
305,"e0060","ffxiv/lak_l1/fld/l1f1/level/l1f1",1,26,509,67,25,3,9,0,22,0,true,false,false,117,122005,123401,0,65,0,-1,0,-1,-1,false,0,0,0
306,"e0061","ffxiv/wil_w1/fld/w1f4/level/w1f4",1,24,505,45,23,3,9,0,12,0,true,false,false,113,122002,123107,0,58,0,-1,0,-1,-1,false,0,0,0
307,"e0062","ffxiv/sea_s1/fld/s1f2/level/s1f2",1,22,502,31,16,3,9,0,17,0,true,false,false,108,122001,123005,0,59,0,-1,0,-1,-1,false,0,0,0
308,"e0065","ffxiv/lak_l1/fld/l1f1/level/l1f1",1,26,509,67,25,3,9,0,22,0,true,false,false,76,122005,123401,0,63,0,-1,0,-1,-1,false,0,0,0
309,"e0066","ffxiv/lak_l1/fld/l1f1/level/l1f1",1,26,509,67,25,3,9,0,22,0,true,false,false,39,122005,123401,0,64,0,-1,0,-1,-1,false,0,0,0
310,"e0067","ffxiv/sea_s1/fld/s1f3/level/s1f3",1,22,502,32,17,3,9,0,18,0,true,false,false,37,122001,123006,0,66,0,-1,0,-1,-1,false,0,0,0
311,"e0068","ffxiv/sea_s1/fld/s1f3/level/s1f3",1,22,502,32,17,3,9,0,18,0,true,false,false,39,122001,123006,0,67,0,-1,0,-1,-1,false,0,0,0
312,"e0069","ffxiv/wil_w1/fld/w1f4/level/w1f4",1,24,505,45,23,3,9,0,12,0,true,false,false,37,122002,123107,0,68,0,-1,0,-1,-1,false,0,0,0
313,"e0070","ffxiv/roc_r1/fld/r1f1/level/r1f1",1,25,508,63,53,3,9,0,21,2,true,false,false,39,122004,123301,0,69,0,-1,0,-1,-1,false,0,0,0
314,"e0071","ffxiv/wil_w1/fld/w1f2/level/w1f2",1,24,505,43,21,3,9,0,10,0,true,false,false,37,122002,123105,0,70,0,-1,0,-1,-1,false,0,0,0
315,"e0072","ffxiv/lak_l1/fld/l1f1/level/l1f1",1,26,509,67,25,3,9,0,22,0,true,false,false,91,122005,123401,0,71,0,-1,0,-1,-1,false,0,0,0
316,"e0073","ffxiv/roc_r1/fld/r1f1/level/r1f1",1,25,508,63,53,3,9,0,21,2,true,false,false,91,122004,123301,0,72,0,-1,0,-1,-1,false,0,0,0
317,"e0074","ffxiv/fst_f1/fld/f1f3/level/f1f3",1,23,507,56,6,3,9,0,5,0,true,false,false,37,122003,123206,0,73,0,-1,0,-1,-1,false,0,0,0
318,"e0075","ffxiv/wil_w1/fld/w1f4/level/w1f4",1,24,505,45,23,3,9,0,12,0,true,false,false,91,122002,123107,0,74,0,-1,0,-1,-1,false,0,0,0
319,"e0076","ffxiv/fst_f1/fld/f1f1/level/f1f1",1,23,507,54,4,3,9,0,3,0,true,false,false,37,122003,123204,0,75,0,-1,0,-1,-1,false,0,0,0
320,"e0077","ffxiv/fst_f1/fld/f1f1/level/f1f1",1,23,507,54,4,3,9,0,3,0,true,false,false,91,122003,123204,0,76,0,-1,0,-1,-1,false,0,0,0
321,"e0078","ffxiv/fst_f1/fld/f1f4/level/f1f4",1,23,507,57,7,3,9,0,6,0,true,false,false,37,122003,123207,0,77,0,-1,0,-1,-1,false,0,0,0
322,"e0079","ffxiv/roc_r1/fld/r1f1/level/r1f1",1,25,508,63,53,3,9,0,21,2,true,false,false,91,122004,123301,0,78,0,-1,0,-1,-1,false,0,0,0
323,"e0080","ffxiv/wil_w1/fld/w1f4/level/w1f4",1,24,505,45,23,3,9,0,12,0,true,false,false,120,122002,123107,0,79,0,-1,0,-1,-1,false,0,0,0
324,"e0081","ffxiv/fst_f1/fld/f1f4/level/f1f4",1,23,507,57,7,3,9,0,6,0,true,false,false,157,122003,123207,0,80,0,-1,0,-1,-1,false,0,0,0
325,"e0082","ffxiv/sea_s1/fld/s1f6/level/s1f6",1,22,502,350,30,3,9,0,24,0,true,false,false,155,122001,123009,0,81,0,-1,0,-1,-1,false,0,0,0
326,"e0083","ffxiv/lak_l1/fld/l1f1/level/l1f1",1,26,509,67,25,3,9,0,22,0,true,false,false,91,122005,123401,0,82,0,-1,0,-1,-1,false,0,0,0
327,"e0084","ffxiv/sea_s1/fld/s1f3/level/s1f3",1,22,502,32,17,3,9,0,18,0,true,false,false,39,122001,123006,0,83,0,-1,0,-1,-1,false,0,0,0
328,"e0085","ffxiv/sea_s1/fld/s1f5/level/s1f5",1,22,502,34,19,3,9,0,20,0,true,false,false,39,122001,123008,0,84,0,-1,0,-1,-1,false,0,0,0
329,"e0086","ffxiv/sea_s1/dun/s1d3/level/s1d3",1,22,502,37,32,3,9,0,0,0,true,false,false,91,122001,124005,0,85,0,-1,0,-1,-1,false,0,0,0
330,"e0087","ffxiv/sea_s1/fld/s1f4/level/s1f4",1,22,502,33,18,3,9,0,19,0,true,false,false,112,122001,123007,0,86,0,100,0,-1,-1,false,0,0,0
331,"r1fa_event","ffxiv/roc_r1/fld/r1fa/level/r1fa",1,25,508,459,98,0,7,0,26,0,true,false,false,1001,-1,-1,0,0,23,-1,0,-1,-1,false,0,0,0
332,"w1f1_battle","ffxiv/wil_w1/fld/w1f1/level/w1f1",1,24,505,42,20,2,10,62,9,0,true,false,false,1001,122002,123104,0,0,0,-1,34,-1,-1,false,0,0,0
333,"","",0,0,0,0,0,0,0,0,0,0,false,false,false,0,0,0,0,0,0,0,0,0,0,false,0,0,0
334,"","",0,0,0,0,0,0,0,0,0,0,false,false,false,0,0,0,0,0,0,0,0,0,0,false,0,0,0
335,"l1f1_event","ffxiv/lak_l1/fld/l1f1/level/l1f1",1,26,509,67,25,0,15,0,22,0,true,false,false,148,-1,-1,0,0,24,-1,0,-1,-1,false,0,0,0
336,"s1p2_002","ffxiv/sea_s1/pvp/s1p2/level/s1p2",4,22,502,154,81,2,4,122,29,0,true,false,false,1001,122001,124006,0,0,0,-1,0,-1,-1,true,0,0,0
337,"s1p2_003","ffxiv/sea_s1/pvp/s1p2/level/s1p2",4,22,502,154,81,2,4,123,29,0,true,false,false,1001,122001,124006,0,0,0,-1,0,-1,-1,true,0,0,0
338,"s1b7_2","ffxiv/sea_s1/bah/s1b7/level/s1b7",1,24,505,152,1,0,12,0,0,0,true,false,false,146,122010,124507,0,0,22,-1,0,-1,-1,false,0,0,0
339,"s1h1","ffxiv/sea_s1/hou/s1h1/level/s1h1",1,22,502,425,72,0,13,0,135,0,true,false,true,1083,122001,123010,852431,0,8,-1,78,-1,-1,false,0,0,0
340,"f1h1","ffxiv/fst_f1/hou/f1h1/level/f1h1",1,23,507,426,82,0,13,0,136,0,true,false,true,1110,122003,123208,852427,0,2,-1,78,-1,-1,false,0,0,0
341,"w1h1","ffxiv/wil_w1/hou/w1h1/level/w1h1",1,24,505,427,83,0,13,0,137,0,true,false,true,1109,122002,123109,852430,0,9,-1,78,-1,-1,false,0,0,0
342,"f1i1","ffxiv/fst_f1/ind/f1i1/level/f1i1",1,23,507,1106,116,0,14,0,0,0,true,false,false,1110,122003,123208,0,0,2,-1,0,-1,-1,false,0,0,0
343,"f1i2","ffxiv/fst_f1/ind/f1i2/level/f1i2",1,23,507,1107,117,0,14,0,0,0,true,false,false,1110,122003,123208,0,0,2,-1,0,-1,-1,false,0,0,0
344,"f1i3","ffxiv/fst_f1/ind/f1i3/level/f1i3",1,23,507,1108,120,0,14,0,0,0,true,false,false,1110,122003,123208,0,0,2,-1,0,-1,-1,false,0,0,0
345,"w1i1","ffxiv/wil_w1/ind/w1i1/level/w1i1",1,24,505,1103,123,0,14,0,0,0,true,false,false,1109,122002,123109,0,0,9,-1,0,-1,-1,false,0,0,0
346,"w1i2","ffxiv/wil_w1/ind/w1i2/level/w1i2",1,24,505,1104,124,0,14,0,0,0,true,false,false,1109,122002,123109,0,0,9,-1,0,-1,-1,false,0,0,0
347,"w1i3","ffxiv/wil_w1/ind/w1i3/level/w1i3",1,24,505,1105,127,0,14,0,0,0,true,false,false,1109,122002,123109,0,0,9,-1,0,-1,-1,false,0,0,0
348,"w1fb","ffxiv/wil_w1/fld/w1fb/level/w1fb",1,24,505,477,143,2,10,68,31,0,true,false,false,1001,122002,124114,0,0,0,-1,17,-1,-1,false,0,0,0
349,"w1d6","ffxiv/wil_w1/dun/w1d6/level/w1d6",1,24,505,48,140,2,3,18,0,0,true,false,false,1001,122002,124102,0,0,0,-1,0,-1,-1,false,0,0,0
350,"f1d4","ffxiv/fst_f1/dun/f1d4/level/f1d4",1,23,507,59,137,2,3,19,0,0,true,false,false,1001,122003,124204,0,0,0,-1,0,-1,-1,false,0,0,0
351,"l1e1","ffxiv/lak_l1/evt/l1e1/level/l1e1",1,26,509,481,136,0,15,0,0,0,true,false,false,1114,-1,-1,852110,0,24,-1,0,-1,-1,false,0,0,0
352,"s1p2_004","ffxiv/sea_s1/pvp/s1p2/level/s1p2",4,22,502,154,81,2,4,124,29,0,true,false,false,1001,122001,124006,0,0,0,-1,0,-1,-1,true,0,0,0
353,"z1z1","ex1/03_abr_a2/fld/a2ff/level/a2ff",1,497,510,2180,316,2,36,70,70,0,true,false,false,1001,122019,124904,0,0,0,-1,167,-1,-1,false,1,0,0
354,"z1z2","ex1/03_abr_a2/fld/a2fd/level/a2fd",1,497,510,2256,283,2,10,71,66,0,true,false,false,1001,122019,124911,0,0,0,-1,139,-1,-1,false,1,0,0
355,"f1b1","ffxiv/fst_f1/bah/f1b1/level/f1b1",1,23,507,1301,148,2,16,98,0,0,true,false,false,1001,122003,124511,0,0,0,-1,39,-1,-1,false,0,0,0
356,"f1b2","ffxiv/fst_f1/bah/f1b2/level/f1b2",1,23,507,1302,149,2,16,99,28,0,true,false,false,1001,122003,124512,0,0,0,-1,40,-1,-1,false,0,0,0
357,"f1b3","ffxiv/fst_f1/bah/f1b3/level/f1b3",1,23,507,1303,65,2,16,100,0,0,true,false,false,1001,122012,124513,0,0,0,-1,41,-1,-1,false,0,0,0
358,"f1b4","ffxiv/fst_f1/bah/f1b4/level/f1b4",1,23,507,1304,150,2,17,101,0,0,true,false,false,1001,122012,124514,0,0,0,-1,42,-1,-1,false,0,0,0
359,"o1fa_2","ffxiv/ocn_o1/fld/o1fa/level/o1fa",1,22,502,1334,147,2,10,73,38,0,true,false,false,1001,122001,124012,0,0,0,-1,37,-1,-1,false,0,0,0
360,"w1d7","ffxiv/wil_w1/dun/w1d7/level/w1d7",1,24,505,49,145,2,3,21,0,0,true,false,false,1001,122002,124104,0,0,0,-1,0,-1,-1,false,0,0,0
361,"s1d5","ffxiv/sea_s1/dun/s1d5/level/s1d5",1,22,502,1377,168,2,3,23,0,0,true,false,false,1001,122001,124013,0,0,0,-1,50,-1,-1,false,0,0,0
362,"s1d6","ffxiv/sea_s1/dun/s1d6/level/s1d6",1,22,502,36,146,2,3,20,37,0,true,false,false,1001,122001,124004,0,0,0,-1,43,-1,-1,false,0,0,0
363,"f1d5","ffxiv/fst_f1/dun/f1d5/level/f1d5",1,23,507,125,151,2,3,22,40,0,true,false,false,1001,122003,124206,0,0,0,-1,38,-1,-1,false,0,0,0
364,"f1fa_2","ffxiv/fst_f1/fld/f1fa/level/f1fa",1,23,507,360,36,2,10,67,30,0,true,false,false,1001,122003,124209,0,0,0,-1,0,-1,-1,false,0,0,0
365,"r1d2","ffxiv/roc_r1/dun/r1d2/level/r1d2",1,25,508,401,157,2,3,25,42,2,true,false,false,1001,122004,124302,0,0,0,-1,45,-1,-1,false,0,0,0
366,"r1fb","ffxiv/roc_r1/fld/r1fb/level/r1fb",1,25,508,386,144,2,3,76,0,2,true,false,false,1001,122004,124308,0,0,0,-1,44,-1,-1,false,0,0,0
367,"w1d8","ffxiv/wil_w1/dun/w1d8/level/w1d8",1,24,505,50,182,2,3,26,41,0,true,false,false,1001,122002,124106,0,0,0,-1,0,-1,-1,false,0,0,0
368,"r1f1_battle","ffxiv/roc_r1/fld/r1f1/level/r1f1",1,25,508,392,53,2,10,74,21,2,true,false,false,1001,122004,124309,0,0,0,-1,0,-1,-1,false,0,0,0
369,"w1d2_battle","ffxiv/wil_w1/dun/w1d2/level/w1d2",1,24,505,694,46,2,10,75,0,0,true,false,false,1001,122002,124115,0,0,0,-1,0,-1,-1,false,0,0,0
370,"f1b5","ffxiv/fst_f1/bah/f1b5/level/f1b5",1,23,507,1305,1,0,12,0,0,0,true,false,false,1001,122012,124515,852619,0,22,-1,0,-1,-1,false,0,0,0
371,"r1d3","ffxiv/roc_r1/dun/r1d3/level/r1d3",1,25,508,404,174,2,3,27,42,2,true,false,false,1001,122004,124310,0,0,0,-1,64,-1,-1,false,0,0,0
372,"l1r2","ffxiv/lak_l1/rad/l1r2/level/l1r2",1,26,509,493,158,2,8,102,0,0,true,false,false,1001,122011,124602,0,0,0,-1,51,-1,-1,false,0,0,0
373,"f1d6","ffxiv/fst_f1/dun/f1d6/level/f1d6",1,23,507,58,165,2,3,24,0,0,true,false,false,1001,122003,124202,0,0,0,-1,0,-1,-1,false,0,0,0
374,"f1fb","ffxiv/fst_f1/fld/f1fb/level/f1fb",1,23,507,1363,166,2,10,77,43,0,true,false,false,1001,122003,124210,0,0,0,-1,0,-1,-1,false,0,0,0
375,"f1fb_2","ffxiv/fst_f1/fld/f1fb/level/f1fb",1,23,507,1363,166,2,10,78,43,0,true,false,false,1001,122003,124211,0,0,0,-1,0,-1,-1,false,0,0,0
376,"l1p1","ffxiv/lak_l1/pvp/l1p1/level/l1p1",4,26,509,1374,167,2,18,127,0,0,true,false,true,1001,122015,124701,0,0,0,-1,58,-1,-1,true,0,0,0
377,"r1fc","ffxiv/roc_r1/fld/r1fc/level/r1fc",1,25,508,1399,173,2,10,79,46,2,true,false,false,1001,122004,124311,0,0,0,-1,65,-1,-1,false,0,0,0
378,"r1fc_2","ffxiv/roc_r1/fld/r1fc/level/r1fc",1,25,508,1399,173,2,10,80,46,2,true,false,false,1001,122004,124312,0,0,0,-1,66,-1,-1,false,0,0,0
379,"e0090","ffxiv/lak_l1/fld/l1f1/level/l1f1",1,26,509,67,25,3,9,0,0,0,true,false,false,108,122005,123401,0,89,0,-1,0,-1,-1,false,0,0,0
380,"f1b1_2","ffxiv/fst_f1/bah/f1b1/level/f1b1",1,23,507,1301,148,2,16,103,0,0,true,false,false,1001,122003,124521,0,0,0,-1,46,-1,-1,false,0,0,0
381,"f1b2_2","ffxiv/fst_f1/bah/f1b2/level/f1b2",1,23,507,1302,149,2,16,104,28,0,true,false,false,1001,122003,124522,0,0,0,-1,47,-1,-1,false,0,0,0
382,"f1b3_2","ffxiv/fst_f1/bah/f1b3/level/f1b3",1,23,507,1303,65,2,16,105,0,0,true,false,false,1001,122012,124523,0,0,0,-1,48,-1,-1,false,0,0,0
383,"f1b4_2","ffxiv/fst_f1/bah/f1b4/level/f1b4",1,23,507,1304,150,2,17,106,0,0,true,false,false,1001,122012,124524,0,0,0,-1,49,-1,-1,false,0,0,0
384,"s1i4","ffxiv/sea_s1/ind/s1i4/level/s1i4",1,22,502,1157,170,0,14,0,0,0,true,false,false,1083,122001,123010,0,0,8,-1,0,-1,-1,false,0,0,0
385,"f1i4","ffxiv/fst_f1/ind/f1i4/level/f1i4",1,23,507,1159,171,0,14,0,0,0,true,false,false,1110,122003,123208,0,0,2,-1,0,-1,-1,false,0,0,0
386,"w1i4","ffxiv/wil_w1/ind/w1i4/level/w1i4",1,24,505,1158,172,0,14,0,0,0,true,false,false,1109,122002,123109,0,0,9,-1,0,-1,-1,false,0,0,0
387,"s1d7","ffxiv/sea_s1/dun/s1d7/level/s1d7",1,22,502,35,169,2,3,28,0,0,true,false,false,1001,122001,124002,0,0,0,-1,69,-1,-1,false,0,0,0
388,"w1ed","ffxiv/wil_w1/evt/w1ed/level/w1ed",1,24,505,1500,197,0,19,0,0,0,true,false,false,1143,122002,124118,0,0,62,-1,0,-1,-1,false,0,0,0
389,"s1fb","ffxiv/sea_s1/fld/s1fb/level/s1fb",1,22,502,1500,198,3,20,0,0,0,true,false,false,1001,-1,-1,0,0,0,-1,85,-1,-1,false,0,0,0
390,"w1fc","ffxiv/wil_w1/fld/w1fc/level/w1fc",1,24,505,1500,199,3,20,0,0,0,true,false,false,1001,-1,-1,0,0,0,-1,84,-1,-1,false,0,0,0
391,"f1fc","ffxiv/fst_f1/fld/f1fc/level/f1fc",1,23,507,1500,200,3,20,0,0,0,true,false,false,1001,-1,-1,0,0,0,-1,86,-1,-1,false,0,0,0
392,"f1e6","ffxiv/fst_f1/evt/f1e6/level/f1e6",1,23,507,112,180,0,22,0,0,0,true,false,false,1001,-1,-1,0,0,2,-1,0,-1,-1,false,0,0,0
393,"f1e6_prv","ffxiv/fst_f1/evt/f1e6/level/f1e6",1,23,507,112,180,0,22,0,0,0,true,false,false,1142,-1,-1,852711,0,2,-1,0,-1,-1,false,0,0,0
394,"f1f3_battle","ffxiv/fst_f1/fld/f1f3/level/f1f3",1,23,507,56,187,2,10,82,45,0,true,false,false,1001,122003,124213,0,0,0,-1,59,-1,-1,false,0,0,0
395,"r1e2","ffxiv/roc_r1/evt/r1e2/level/r1e2",1,25,508,1429,179,0,15,0,0,0,true,false,false,1072,-1,-1,852773,0,23,-1,0,-1,-1,false,0,0,0
396,"f1d3_battle","ffxiv/fst_f1/dun/f1d3/level/f1d3",1,23,507,128,210,2,3,85,28,0,true,false,false,1001,122003,124214,0,0,0,-1,80,-1,-1,false,0,0,0
397,"r2f1","ex1/01_roc_r2/fld/r2f1/level/r2f1",1,25,508,2200,211,0,1,0,49,1,true,true,true,1150,122004,123302,852807,0,71,-1,0,-1,-1,false,1,0,4
398,"d2f1","ex1/02_dra_d2/fld/d2f1/level/d2f1",1,498,511,2000,212,0,1,0,50,0,true,true,true,1151,122018,123601,852806,0,76,-1,0,-1,-1,false,1,0,2
399,"d2f2","ex1/02_dra_d2/fld/d2f2/level/d2f2",1,498,511,2001,213,0,1,0,51,0,true,true,true,1152,122018,123602,852826,0,75,-1,0,-1,-1,false,1,0,3
400,"d2f3","ex1/02_dra_d2/fld/d2f3/level/d2f3",1,498,511,2002,214,0,1,0,52,0,true,true,true,1153,122018,123603,852816,0,78,-1,0,-1,-1,false,1,2,9
401,"a2f1","ex1/03_abr_a2/fld/a2f1/level/a2f1",1,497,510,2100,215,0,1,0,53,0,true,true,true,1154,122019,123701,852817,0,72,-1,0,-1,-1,false,1,1,8
402,"a2f2","ex1/03_abr_a2/fld/a2f2/level/a2f2",1,497,510,2101,216,0,1,0,54,0,true,true,true,1155,122019,123702,852856,0,74,-1,0,-1,-1,false,1,0,1
404,"e0091","ffxiv/sea_s1/twn/s1t2/level/s1t2",1,22,500,29,12,3,9,0,132,0,true,false,false,83,122007,123003,0,90,0,-1,0,-1,-1,false,0,0,0
405,"e0092","ffxiv/sea_s1/fld/s1f4/level/s1f4",1,22,502,33,18,3,9,0,19,0,true,false,false,1021,122001,123007,0,91,0,300,0,-1,-1,false,0,0,0
406,"e0093","ffxiv/sea_s1/fld/s1f4/level/s1f4",1,22,502,33,18,3,9,0,19,0,true,false,false,39,122001,123007,0,92,0,-1,0,-1,-1,false,0,0,0
407,"e0094","ffxiv/ocn_o1/evt/o1e2/level/o1e2",1,22,502,462,95,3,9,0,40,0,true,false,false,39,-1,-1,0,93,0,-1,0,-1,-1,false,0,0,0
408,"e0095","ffxiv/sea_s1/fld/s1f3/level/s1f3",1,22,502,32,17,3,9,0,18,0,true,false,false,39,122001,123006,0,94,0,-1,0,-1,-1,false,0,0,0
409,"e0096","ffxiv/sea_s1/twn/s1t1/level/s1t1",1,22,500,28,11,3,9,0,40,0,true,false,false,113,122007,123002,0,95,0,300,0,-1,-1,false,0,0,0
410,"e0097","ffxiv/wil_w1/fld/w1f5/level/w1f5",1,24,505,46,24,3,9,0,13,0,true,false,false,151,122002,123108,0,101,0,-1,0,-1,-1,false,0,0,0
411,"e0098","ffxiv/sea_s1/fld/s1f3/level/s1f3",1,22,502,32,17,3,9,0,18,0,true,false,false,39,122001,123006,0,96,0,-1,0,-1,-1,false,0,0,0
412,"e0099","ffxiv/sea_s1/fld/s1f5/level/s1f5",1,22,502,34,19,3,9,0,20,0,true,false,false,39,122001,123008,0,97,0,-1,0,-1,-1,false,0,0,0
413,"e0100","ffxiv/sea_s1/fld/s1f4/level/s1f4",1,22,502,33,18,3,9,0,19,0,true,false,false,1021,122001,123007,0,98,0,100,0,-1,-1,false,0,0,0
414,"e0101","ffxiv/sea_s1/fld/s1f3/level/s1f3",1,22,502,32,17,3,9,0,18,0,true,false,false,39,122001,123006,0,99,0,-1,0,-1,-1,false,0,0,0
415,"e0102","ffxiv/sea_s1/fld/s1f2/level/s1f2",1,22,502,31,16,3,9,0,36,0,true,false,false,91,122001,123005,0,100,0,100,0,-1,-1,false,0,0,0
416,"d2d3","ex1/02_dra_d2/dun/d2d3/level/d2d3",1,498,511,2038,241,2,3,31,0,0,true,false,false,1001,122018,124803,0,0,0,-1,90,-1,-1,false,1,0,0
417,"w1fc_tutorial","ffxiv/wil_w1/fld/w1fc/level/w1fc",1,24,505,1500,217,0,21,0,0,0,true,false,false,252,-1,-1,0,0,0,-1,83,-1,-1,false,0,0,0
418,"r2t1","ex1/01_roc_r2/twn/r2t1/level/r2t1",1,25,512,2300,218,0,0,0,47,1,true,false,false,1149,122017,123304,852799,0,70,-1,0,-1,-1,false,1,0,5
419,"r2t2","ex1/01_roc_r2/twn/r2t2/level/r2t2",1,25,512,2301,219,0,0,0,48,1,true,false,false,1148,122017,123305,852841,0,70,-1,0,-1,-1,false,1,0,6
420,"a2d2","ex1/03_abr_a2/dun/a2d2/level/a2d2",1,497,510,2130,230,2,3,33,0,0,true,false,false,1001,122019,124901,0,0,0,-1,109,-1,-1,false,1,0,0
421,"r2d2","ex1/01_roc_r2/dun/r2d2/level/r2d2",1,25,512,2327,248,2,3,34,0,1,true,false,false,1001,122004,124315,0,0,0,-1,93,-1,-1,false,1,0,0
422,"l1p1_2","ffxiv/lak_l1/pvp/l1p1/level/l1p1",4,26,509,1374,167,2,18,129,0,0,true,false,true,1001,122015,124701,0,0,0,-1,89,-1,-1,true,0,0,0
423,"s1i5","ffxiv/sea_s1/ind/s1i5/level/s1i5",1,22,502,1227,204,0,14,0,0,0,true,false,false,328,122001,123010,0,0,8,-1,0,-1,-1,false,0,0,0
424,"w1i5","ffxiv/wil_w1/ind/w1i5/level/w1i5",1,24,505,1228,205,0,14,0,0,0,true,false,false,328,122002,123109,0,0,9,-1,0,-1,-1,false,0,0,0
425,"f1i5","ffxiv/fst_f1/ind/f1i5/level/f1i5",1,23,507,1229,206,0,14,0,0,0,true,false,false,328,122003,123208,0,0,2,-1,0,-1,-1,false,0,0,0
426,"z1e9","ffxiv/zon_z1/evt/z1e9/level/z1e9",1,26,509,1390,207,2,10,84,0,0,true,false,false,1001,122016,124721,0,0,0,-1,82,-1,-1,false,0,0,0
427,"r2e1","ex1/01_roc_r2/evt/r2e1/level/r2e1",1,25,512,2337,220,0,15,0,0,1,true,false,false,1166,-1,-1,853195,0,70,-1,0,-1,-1,false,1,0,0
428,"r2e3","ex1/01_roc_r2/evt/r2e3/level/r2e3",1,25,512,2335,221,0,15,0,0,1,true,false,false,1166,-1,-1,852800,0,70,-1,0,-1,-1,false,1,0,0
429,"r2ti","ex1/01_roc_r2/twn/r2ti/level/r2ti",1,25,512,2310,223,0,2,0,0,0,true,false,false,5,122017,123303,852857,0,70,-1,0,-1,-1,false,1,0,0
430,"a2d3","ex1/03_abr_a2/dun/a2d3/level/a2d3",1,497,510,2148,244,2,3,35,0,0,true,false,false,1001,122019,124902,0,0,0,-1,92,-1,-1,false,1,0,0
431,"s2p1","ex1/04_sea_s2/pvp/s2p1/level/s2p1",4,22,502,496,242,2,18,130,59,0,true,false,true,1001,122021,124702,0,0,0,-1,0,-1,-1,true,1,0,0
432,"d2fa","ex1/02_dra_d2/fld/d2fa/level/d2fa",1,498,511,2081,256,2,10,86,57,0,true,false,false,1001,122018,124804,0,0,0,-1,106,-1,-1,false,1,0,0
433,"r2e4","ex1/01_roc_r2/evt/r2e4/level/r2e4",1,25,512,2320,222,0,15,0,0,1,true,false,false,1164,-1,-1,852838,0,70,-1,0,-1,-1,false,1,0,0
434,"r2d1","ex1/01_roc_r2/dun/r2d1/level/r2d1",1,25,508,2214,243,2,3,36,42,2,true,false,false,1001,122004,124314,0,0,0,-1,101,-1,-1,false,1,0,0
435,"d2d2","ex1/02_dra_d2/dun/d2d2/level/d2d2",1,498,511,2050,252,2,3,39,28,0,true,false,false,1001,122018,124802,0,0,0,-1,118,-1,-1,false,1,0,0
436,"a2fa","ex1/03_abr_a2/fld/a2fa/level/a2fa",1,497,510,2151,235,2,10,88,28,0,true,false,false,1001,122019,124904,0,0,0,-1,104,-1,-1,false,1,0,0
437,"a2fb","ex1/03_abr_a2/fld/a2fb/level/a2fb",1,497,510,2178,236,2,10,90,56,0,true,false,false,1001,122019,124906,0,0,0,-1,94,-1,-1,false,1,0,0
438,"a2d1","ex1/03_abr_a2/dun/a2d1/level/a2d1",1,497,510,2147,231,2,3,38,0,0,true,false,false,1001,122019,124903,0,0,0,-1,114,-1,-1,false,1,0,0
439,"r2e5","ex1/01_roc_r2/evt/r2e5/level/r2e5",1,25,512,2313,224,0,15,0,0,1,true,false,false,1166,-1,-1,0,0,70,-1,0,-1,-1,false,1,0,0
440,"r2e6","ex1/01_roc_r2/evt/r2e6/level/r2e6",1,25,512,2336,225,0,15,0,0,1,true,false,false,1166,-1,-1,0,0,70,-1,0,-1,-1,false,1,0,0
441,"d2d1","ex1/02_dra_d2/dun/d2d1/level/d2d1",1,498,511,2031,227,2,3,37,0,0,true,false,false,1001,122018,124801,0,0,0,-1,111,-1,-1,false,1,0,0
442,"d2a1","ex1/02_dra_d2/alx/d2a1/level/d2a1",1,498,511,1628,237,2,16,112,0,0,true,false,false,1001,122020,124553,0,0,0,-1,95,-1,-1,false,1,0,0
443,"d2a2","ex1/02_dra_d2/alx/d2a2/level/d2a2",1,498,511,1633,238,2,16,113,0,0,true,false,false,1001,122020,124554,0,0,0,-1,102,-1,-1,false,1,0,0
444,"d2a3","ex1/02_dra_d2/alx/d2a3/level/d2a3",1,498,511,1638,239,2,16,114,0,0,true,false,false,1001,122020,124555,0,0,0,-1,97,-1,-1,false,1,0,0
445,"d2a4","ex1/02_dra_d2/alx/d2a4/level/d2a4",1,498,511,1645,240,2,17,115,0,0,true,false,false,1001,122020,124556,0,0,0,-1,99,-1,-1,false,1,0,0
446,"d2fa_2","ex1/02_dra_d2/fld/d2fa/level/d2fa",1,498,511,2081,256,2,10,87,57,0,true,false,false,1001,122018,124805,0,0,0,-1,107,-1,-1,false,1,0,0
447,"a2fa_2","ex1/03_abr_a2/fld/a2fa/level/a2fa",1,497,510,2151,235,2,10,89,28,0,true,false,false,1001,122019,124905,0,0,0,-1,105,-1,-1,false,1,0,0
448,"a2fb_2","ex1/03_abr_a2/fld/a2fb/level/a2fb",1,497,510,2178,236,2,10,91,56,0,true,false,false,1001,122019,124907,0,0,0,-1,130,-1,-1,false,1,0,0
449,"d2a1_2","ex1/02_dra_d2/alx/d2a1/level/d2a1",1,498,511,1628,237,2,16,116,0,0,true,false,false,1001,122020,124557,0,0,0,-1,96,-1,-1,false,1,0,0
450,"d2a2_2","ex1/02_dra_d2/alx/d2a2/level/d2a2",1,498,511,1633,238,2,16,117,0,0,true,false,false,1001,122020,124558,0,0,0,-1,103,-1,-1,false,1,0,0
451,"d2a3_2","ex1/02_dra_d2/alx/d2a3/level/d2a3",1,498,511,1638,239,2,16,118,0,0,true,false,false,1001,122020,124559,0,0,0,-1,98,-1,-1,false,1,0,0
452,"d2a4_2","ex1/02_dra_d2/alx/d2a4/level/d2a4",1,498,511,1645,240,2,17,119,0,0,true,false,false,1001,122020,124560,0,0,0,-1,100,-1,-1,false,1,0,0
453,"e0103","ffxiv/sea_s1/fld/s1f4/level/s1f4",1,22,502,33,18,3,9,0,19,0,true,false,false,39,122001,123007,0,103,0,-1,0,-1,-1,false,1,0,0
454,"e0104","ffxiv/sea_s1/fld/s1f5/level/s1f5",1,22,502,34,19,3,9,0,20,0,true,false,false,117,122001,123008,0,135,0,-1,0,-1,-1,false,1,0,0
455,"e0105","ex1/03_abr_a2/fld/a2f1/level/a2f1",1,497,510,2100,215,3,9,0,0,0,true,false,false,117,-1,-1,0,104,0,300,0,-1,-1,false,1,0,0
456,"e0106","ex1/01_roc_r2/evt/r2e6/level/r2e6",1,25,512,2336,225,3,9,0,0,1,true,false,false,315,-1,-1,0,105,0,-1,108,-1,-1,false,1,0,0
457,"e0107","ffxiv/roc_r1/fld/r1fc/level/r1fc",1,25,508,1399,173,3,9,0,46,2,true,false,false,316,-1,-1,0,108,0,-1,112,-1,-1,false,1,0,0
458,"e0108","ex1/01_roc_r2/twn/r2t1/level/r2t1",1,25,512,2300,218,3,9,0,0,1,true,false,false,315,-1,-1,0,109,0,-1,0,-1,-1,false,1,0,0
459,"e0109","ex1/03_abr_a2/fld/a2f2/level/a2f2",1,497,510,2101,216,3,9,0,54,0,true,false,false,152,-1,-1,0,110,0,-1,117,-1,-1,false,1,0,0
460,"e0110","ffxiv/wil_w1/dun/w1d7/level/w1d7",1,24,505,49,145,3,9,0,0,0,true,false,false,317,-1,-1,0,106,0,-1,0,-1,-1,false,1,0,0
461,"e0111","ex1/03_abr_a2/fld/a2f1/level/a2f1",1,497,510,2100,215,3,9,0,53,0,true,false,false,39,-1,-1,0,107,0,-1,0,-1,-1,false,1,0,0
462,"d2e2","ex1/02_dra_d2/evt/d2e2/level/d2e2",1,498,511,2083,226,0,15,0,0,0,true,false,false,1170,-1,-1,852811,0,76,-1,0,-1,-1,false,1,0,0
463,"d2e3","ex1/02_dra_d2/evt/d2e3/level/d2e3",1,498,511,2036,253,0,15,0,0,0,true,false,false,1168,-1,-1,853196,0,75,-1,0,-1,-1,false,1,0,0
464,"e0112","ex1/02_dra_d2/fld/d2f1/level/d2f1",1,498,511,2000,212,3,9,0,50,0,true,false,false,91,-1,-1,0,134,0,-1,0,-1,-1,false,1,0,0
465,"e0113","ffxiv/wil_w1/fld/w1f3/level/w1f3",1,24,505,44,22,3,9,0,11,0,true,false,false,113,122002,123106,0,126,0,-1,0,-1,-1,false,1,0,0
466,"e0114","ffxiv/sea_s1/fld/s1f5/level/s1f5",1,22,502,34,19,3,9,0,20,0,true,false,false,39,122001,123008,0,113,0,-1,0,-1,-1,false,1,0,0
467,"e0115","ex1/01_roc_r2/fld/r2f1/level/r2f1",1,25,508,2200,211,3,9,0,49,1,true,false,false,39,-1,-1,0,114,0,-1,0,-1,-1,false,1,0,0
468,"e0116","ffxiv/roc_r1/fld/r1f1/level/r1f1",1,25,508,63,53,3,9,0,21,1,true,false,false,39,122004,123301,852247,102,0,-1,0,-1,-1,false,1,0,0
469,"e0117","ffxiv/roc_r1/fld/r1f1/level/r1f1",1,25,508,63,53,3,9,0,21,1,true,false,false,113,122004,123301,852247,115,0,-1,0,-1,-1,false,1,0,0
470,"e0118","ex1/01_roc_r2/fld/r2f1/level/r2f1",1,25,508,2200,211,3,9,0,49,1,true,false,false,39,-1,-1,0,116,0,-1,0,-1,-1,false,1,0,0
471,"e0119","ffxiv/sea_s1/fld/s1f3/level/s1f3",1,22,502,32,17,3,9,0,18,0,true,false,false,113,122001,123006,0,117,0,-1,0,-1,-1,false,1,0,0
472,"e0120","ex1/01_roc_r2/fld/r2f1/level/r2f1",1,25,508,2200,211,3,9,0,49,1,true,false,false,39,-1,-1,0,118,0,-1,0,-1,-1,false,1,0,0
473,"e0121","ffxiv/fst_f1/fld/f1f3/level/f1f3",1,23,507,56,6,3,9,0,58,0,true,false,false,113,122003,123206,852244,143,0,2200,0,-1,-1,false,1,0,0
474,"e0122","ffxiv/sea_s1/twn/s1t1/level/s1t1",1,22,500,28,11,3,9,0,58,0,true,false,false,1020,122007,123002,852085,144,0,30,0,-1,-1,false,1,0,0
475,"e0123","ffxiv/roc_r1/fld/r1f1/level/r1f1",1,25,508,63,53,3,9,0,21,1,true,false,false,117,122004,123301,852247,119,0,-1,0,-1,-1,false,1,0,0
476,"e0124","ex1/02_dra_d2/fld/d2f2/level/d2f2",1,498,511,2001,213,3,9,0,58,0,true,false,false,91,-1,-1,0,141,0,2200,0,-1,-1,false,1,0,0
477,"e0125","ex1/01_roc_r2/fld/r2f1/level/r2f1",1,25,508,2200,211,3,9,0,0,0,true,false,false,91,-1,-1,0,142,0,-1,110,-1,-1,false,1,0,0
478,"d2t1","ex1/02_dra_d2/twn/d2t1/level/d2t1",1,498,511,2082,257,0,0,0,55,0,true,false,true,1167,122018,123604,852827,0,75,-1,0,-1,-1,false,1,0,7
479,"e0126","ex1/01_roc_r2/fld/r2f1/level/r2f1",1,25,508,2200,211,3,9,0,42,1,true,false,false,318,-1,-1,0,111,0,-1,0,-1,-1,false,1,0,0
480,"e0127","ffxiv/lak_l1/fld/l1f1/level/l1f1",1,26,509,67,25,3,9,0,22,0,true,false,false,113,122005,123401,852412,120,0,-1,0,-1,-1,false,1,0,0
481,"e0128","ex1/02_dra_d2/fld/d2f1/level/d2f1",1,498,511,2000,212,3,9,0,50,0,true,false,false,39,-1,-1,0,121,0,-1,0,-1,-1,false,1,0,0
482,"e0129","ex1/02_dra_d2/fld/d2f1/level/d2f1",1,498,511,2000,212,3,9,0,50,0,true,false,false,113,-1,-1,0,122,0,-1,0,-1,-1,false,1,0,0
483,"e0130","ffxiv/wil_w1/fld/w1f5/level/w1f5",1,24,505,46,24,3,9,0,13,0,true,false,false,107,122002,123108,852014,123,0,-1,0,-1,-1,false,1,0,0
484,"e0131","ffxiv/sea_s1/fld/s1f2/level/s1f2",1,22,502,31,16,3,9,0,17,0,true,false,false,107,122001,123005,0,124,0,-1,0,-1,-1,false,1,0,0
485,"e0132","ex1/02_dra_d2/fld/d2f2/level/d2f2",1,498,511,2001,213,3,9,0,0,0,true,false,false,113,-1,-1,0,112,0,-1,119,-1,-1,false,1,0,0
486,"e0133","ffxiv/sea_s1/fld/s1f6/level/s1f6",1,22,502,350,30,3,9,0,24,0,true,false,false,113,122001,123009,0,127,0,-1,0,-1,-1,false,1,0,0
487,"e0134","ffxiv/roc_r1/fld/r1f1/level/r1f1",1,25,508,63,53,3,9,0,21,1,true,false,false,316,122004,123301,852247,128,0,-1,0,-1,-1,false,1,0,0
488,"e0135","ffxiv/roc_r1/fld/r1f1/level/r1f1",1,25,508,63,53,3,9,0,0,1,true,false,false,113,122004,123301,852247,129,0,1300,0,-1,-1,false,1,0,0
489,"e0136","ex1/01_roc_r2/fld/r2f1/level/r2f1",1,25,508,2200,211,3,9,0,49,1,true,false,false,316,-1,-1,0,130,0,-1,0,-1,-1,false,1,0,0
490,"e0137","ffxiv/sea_s1/dun/s1d5/level/s1d5",1,22,502,1377,168,3,9,0,0,0,true,false,false,91,122001,124013,0,131,0,-1,0,-1,-1,false,1,0,0
491,"e0138","ffxiv/wil_w1/fld/w1f4/level/w1f4",1,24,505,45,23,3,9,0,12,0,true,false,false,91,122002,123107,0,132,0,-1,0,-1,-1,false,1,0,0
492,"e0139","ex1/03_abr_a2/fld/a2f1/level/a2f1",1,497,510,2100,215,3,9,0,53,0,true,false,false,91,-1,-1,0,133,0,-1,113,-1,-1,false,1,0,0
493,"e0140","ex1/01_roc_r2/fld/r2f1/level/r2f1",1,25,508,2200,211,3,9,0,49,1,true,false,false,39,-1,-1,0,125,0,-1,0,-1,-1,false,1,0,0
494,"e0141","ffxiv/wil_w1/fld/w1f3/level/w1f3",1,24,505,44,22,3,9,0,11,0,true,false,false,39,122002,123106,0,136,0,-1,0,-1,-1,false,1,0,0
495,"e0142","ffxiv/sea_s1/fld/s1f2/level/s1f2",1,22,502,31,16,3,9,0,17,0,true,false,false,37,122001,123005,0,137,0,-1,0,-1,-1,false,1,0,0
496,"e0143","ffxiv/roc_r1/fld/r1f1/level/r1f1",1,25,508,63,53,3,9,0,21,2,true,false,false,83,122004,123301,0,138,0,-1,0,-1,-1,false,1,0,0
497,"e0144","ex1/01_roc_r2/fld/r2f1/level/r2f1",1,25,508,2200,211,3,9,0,0,1,true,false,false,317,-1,-1,0,139,0,800,0,-1,-1,false,1,0,0
498,"e0145","ex1/01_roc_r2/fld/r2f1/level/r2f1",1,25,508,2200,211,3,9,0,49,1,true,false,false,113,-1,-1,0,140,0,-1,0,-1,-1,false,1,0,0
499,"e0146","ex1/01_roc_r2/twn/r2t2/level/r2t2",1,25,512,2301,219,3,9,0,139,1,true,false,false,316,-1,-1,0,145,0,-1,116,-1,-1,false,1,0,0
500,"e0147","ffxiv/roc_r1/fld/r1f1/level/r1f1",1,25,508,63,53,3,9,0,21,1,true,false,false,91,122004,123301,0,146,0,-1,0,-1,-1,false,1,0,0
501,"e0148","ex1/02_dra_d2/fld/d2f3/level/d2f3",1,498,511,2002,214,3,9,0,52,0,true,false,false,178,-1,-1,0,147,0,-1,0,-1,-1,false,1,0,0
502,"e0149","ffxiv/lak_l1/pvp/l1p1/level/l1p1",1,26,509,1374,167,3,9,0,0,0,true,false,false,39,122015,124701,0,149,0,400,0,-1,-1,false,1,0,0
503,"e0150","ex1/02_dra_d2/fld/d2f2/level/d2f2",1,498,511,2001,213,3,9,0,51,0,true,false,false,91,-1,-1,0,148,0,-1,0,-1,-1,false,1,0,0
504,"l1e2","ffxiv/lak_l1/evt/l1e2/level/l1e2",1,24,505,1660,267,0,32,0,0,0,true,false,false,106,-1,-1,852110,0,9,-1,0,-1,-1,false,0,0,0
505,"d2e4","ex1/02_dra_d2/evt/d2e4/level/d2e4",1,498,511,2041,260,0,12,0,0,0,true,false,false,1001,122020,124552,853182,0,75,-1,0,-1,-1,false,1,0,0
506,"s1p3","ffxiv/sea_s1/pvp/s1p3/level/s1p3",6,24,505,1500,0,3,25,0,0,0,true,false,false,1001,-1,-1,0,0,0,-1,0,-1,-1,false,0,0,0
507,"a2e2","ex1/03_abr_a2/evt/a2e2/level/a2e2",1,497,510,2179,261,0,12,0,0,0,true,false,false,1001,-1,-1,853159,0,74,-1,0,-1,-1,false,1,0,0
508,"z2r1","ex1/05_zon_z2/rad/z2r1/level/z2r1",1,497,510,2181,269,2,8,120,37,0,true,false,false,1001,122022,124621,0,0,0,-1,0,-1,-1,false,1,0,0
509,"z1z4","ffxiv/sea_s1/fld/s1fa/level/s1fa",1,22,502,359,33,2,10,69,23,0,true,false,false,1001,-1,-1,0,0,0,-1,6,-1,-1,false,0,0,0
510,"s1d9","ffxiv/sea_s1/dun/s1d9/level/s1d9",1,22,502,230,262,2,3,40,28,0,true,false,false,1001,122001,124015,0,0,0,-1,129,-1,-1,false,1,0,0
511,"d2d4","ex1/02_dra_d2/dun/d2d4/level/d2d4",1,498,511,2034,268,2,3,41,0,0,true,false,false,1001,122018,124806,0,0,0,-1,128,-1,-1,false,1,0,0
512,"a2fc","ex1/03_abr_a2/fld/a2fc/level/a2fc",1,497,510,1647,276,2,26,131,60,0,true,true,true,1177,122019,124908,0,0,0,1400,131,-1,-1,false,1,0,0
513,"e0151","ex1/01_roc_r2/dun/r2d2/level/r2d2",1,25,512,2327,248,3,9,0,58,1,true,false,false,317,-1,-1,0,150,0,-1,0,-1,-1,false,1,0,0
514,"a2fc_2","ex1/03_abr_a2/fld/a2fc/level/a2fc",1,497,510,1647,275,2,26,132,61,0,true,true,true,1177,122019,124909,0,0,0,1700,131,-1,-1,false,1,0,0
515,"a2fc_3","ex1/03_abr_a2/fld/a2fc/level/a2fc",1,497,510,1647,274,2,26,133,62,0,true,true,true,1177,122019,124910,0,0,0,200,131,-1,-1,false,1,0,0
516,"d2d5","ex1/02_dra_d2/dun/d2d5/level/d2d5",1,498,511,2088,277,2,3,141,0,0,true,false,false,1001,122018,124807,0,0,0,-1,134,-1,-1,false,1,0,0
517,"a2fd","ex1/03_abr_a2/fld/a2fd/level/a2fd",1,497,510,2256,283,2,10,134,66,0,true,false,false,1001,122019,124911,0,0,0,-1,139,-1,-1,false,1,0,0
518,"s1p4","ffxiv/sea_s1/pvp/s1p4/level/s1p4",4,22,502,1664,284,2,28,142,64,0,true,false,false,1001,122001,124016,0,0,0,-1,138,-1,-1,true,1,0,0
519,"f1d8","ffxiv/fst_f1/dun/f1d8/level/f1d8",1,23,507,125,280,2,3,140,63,0,true,false,false,1001,122003,124215,0,0,0,-1,137,-1,-1,false,1,0,0
520,"d2a5","ex1/02_dra_d2/alx/d2a5/level/d2a5",1,498,511,1708,286,2,16,136,0,0,true,false,false,1001,122020,124562,0,0,0,-1,132,-1,-1,false,1,0,0
521,"d2a6","ex1/02_dra_d2/alx/d2a6/level/d2a6",1,498,511,1714,287,2,16,137,0,0,true,false,false,1001,122020,124563,0,0,0,-1,141,-1,-1,false,1,0,0
522,"d2a7","ex1/02_dra_d2/alx/d2a7/level/d2a7",1,498,511,1723,289,2,16,138,0,0,true,false,false,1001,122020,124564,0,0,0,-1,133,-1,-1,false,1,0,0
523,"d2a8","ex1/02_dra_d2/alx/d2a8/level/d2a8",1,498,511,1731,290,2,17,139,0,0,true,false,false,1001,122020,124565,0,0,0,-1,143,-1,-1,false,1,0,0
524,"a2fd_2","ex1/03_abr_a2/fld/a2fd/level/a2fd",1,497,510,2256,283,2,10,135,66,0,true,false,false,1001,122019,124912,0,0,0,-1,140,-1,-1,false,1,0,0
525,"s1p5_1","ffxiv/sea_s1/pvp/s1p5/level/s1p5",4,22,502,1664,285,2,28,143,65,0,true,false,false,1001,122001,124016,0,0,0,-1,138,-1,-1,true,1,0,0
526,"s1p5_2","ffxiv/sea_s1/pvp/s1p5/level/s1p5",4,22,502,1664,285,2,28,144,65,0,true,false,false,1001,122001,124016,0,0,0,-1,138,-1,-1,true,1,0,0
527,"s1p5_3","ffxiv/sea_s1/pvp/s1p5/level/s1p5",4,22,502,1664,285,2,28,145,65,0,true,false,false,1001,122001,124016,0,0,0,-1,138,-1,-1,true,1,0,0
528,"s1p5_4","ffxiv/sea_s1/pvp/s1p5/level/s1p5",4,22,502,1664,285,2,28,146,65,0,true,false,false,1001,122001,124016,0,0,0,-1,138,-1,-1,true,1,0,0
529,"d2a5_2","ex1/02_dra_d2/alx/d2a5/level/d2a5",1,498,511,1708,286,2,16,147,0,0,true,false,false,1001,122020,124566,0,0,0,-1,135,-1,-1,false,1,0,0
530,"d2a6_2","ex1/02_dra_d2/alx/d2a6/level/d2a6",1,498,511,1714,287,2,17,148,0,0,true,false,false,1001,122020,124567,0,0,0,-1,142,-1,-1,false,1,0,0
531,"d2a7_2","ex1/02_dra_d2/alx/d2a7/level/d2a7",1,498,511,1723,289,2,16,149,0,0,true,false,false,1001,122020,124568,0,0,0,-1,136,-1,-1,false,1,0,0
532,"d2a8_2","ex1/02_dra_d2/alx/d2a8/level/d2a8",1,498,511,1731,290,2,17,150,0,0,true,false,false,1001,122020,124569,0,0,0,-1,144,-1,-1,false,1,0,0
533,"ec001","ffxiv/roc_r1/fld/r1f1/level/r1f1",1,25,508,63,53,1,29,167,0,2,true,false,false,1001,-1,-1,0,0,0,1000,145,-1,-1,false,1,0,0
534,"f1tg","ffxiv/fst_f1/twn/f1tg/level/f1tg",1,23,506,1800,308,0,30,0,0,0,true,false,false,1052,-1,-1,0,0,2,-1,0,-1,-1,false,0,0,0
535,"w1tg","ffxiv/wil_w1/twn/w1tg/level/w1tg",1,24,504,1801,309,0,30,0,0,0,true,false,false,1054,-1,-1,0,0,9,-1,0,-1,-1,false,0,0,0
536,"s1tg","ffxiv/sea_s1/twn/s1tg/level/s1tg",1,22,500,1802,310,0,30,0,0,0,true,false,false,1053,-1,-1,0,0,8,-1,0,-1,-1,false,0,0,0
537,"s1p2_begin01","ffxiv/sea_s1/pvp/s1p2/level/s1p2",1,22,502,154,81,1,27,151,0,0,true,false,false,1001,-1,-1,0,0,0,1500,0,-1,-1,false,0,0,0
538,"s1p2_begin02","ffxiv/sea_s1/pvp/s1p2/level/s1p2",1,22,502,154,81,1,27,152,0,0,true,false,false,1001,-1,-1,0,0,0,1500,0,-1,-1,false,0,0,0
539,"s1p2_begin03","ffxiv/sea_s1/pvp/s1p2/level/s1p2",1,22,502,154,81,1,27,153,0,0,true,false,false,1001,-1,-1,0,0,0,1500,0,-1,-1,false,0,0,0
540,"s1p2_begin04","ffxiv/sea_s1/pvp/s1p2/level/s1p2",1,22,502,154,81,1,27,154,0,0,true,false,false,1001,-1,-1,0,0,0,1500,0,-1,-1,false,0,0,0
541,"s1p2_begin05","ffxiv/sea_s1/pvp/s1p2/level/s1p2",1,22,502,154,81,1,27,155,0,0,true,false,false,1001,-1,-1,0,0,0,1500,0,-1,-1,false,0,0,0
542,"s1p2_begin06","ffxiv/sea_s1/pvp/s1p2/level/s1p2",1,22,502,154,81,1,27,156,0,0,true,false,false,1001,-1,-1,0,0,0,1500,0,-1,-1,false,0,0,0
543,"s1p2_begin07","ffxiv/sea_s1/pvp/s1p2/level/s1p2",1,22,502,154,81,1,27,157,0,0,true,false,false,1001,-1,-1,0,0,0,1500,0,-1,-1,false,0,0,0
544,"s1p2_begin08","ffxiv/sea_s1/pvp/s1p2/level/s1p2",1,22,502,154,81,1,27,158,0,0,true,false,false,1001,-1,-1,0,0,0,1500,0,-1,-1,false,0,0,0
545,"s1p2_begin09","ffxiv/sea_s1/pvp/s1p2/level/s1p2",1,22,502,154,81,1,27,159,0,0,true,false,false,1001,-1,-1,0,0,0,1500,0,-1,-1,false,0,0,0
546,"s1p2_begin10","ffxiv/sea_s1/pvp/s1p2/level/s1p2",1,22,502,154,81,1,27,160,0,0,true,false,false,1001,-1,-1,0,0,0,1500,0,-1,-1,false,0,0,0
547,"s1p2_begin11","ffxiv/sea_s1/pvp/s1p2/level/s1p2",1,22,502,154,81,1,27,161,0,0,true,false,false,1001,-1,-1,0,0,0,1500,0,-1,-1,false,0,0,0
548,"s1p2_begin12","ffxiv/sea_s1/pvp/s1p2/level/s1p2",1,22,502,154,81,1,27,162,0,0,true,false,false,1001,-1,-1,0,0,0,1500,0,-1,-1,false,0,0,0
549,"s1p2_begin13","ffxiv/sea_s1/pvp/s1p2/level/s1p2",1,22,502,154,81,1,27,163,0,0,true,false,false,1001,-1,-1,0,0,0,1500,0,-1,-1,false,0,0,0
550,"s1p2_begin14","ffxiv/sea_s1/pvp/s1p2/level/s1p2",1,22,502,154,81,1,27,164,0,0,true,false,false,1001,-1,-1,0,0,0,1500,0,-1,-1,false,0,0,0
551,"s1p2_begin15","ffxiv/sea_s1/pvp/s1p2/level/s1p2",1,22,502,154,81,1,27,165,0,0,true,false,false,1001,-1,-1,0,0,0,1500,0,-1,-1,false,0,0,0
552,"s1f4_begin16","ffxiv/sea_s1/fld/s1f4/level/s1f4",1,22,502,33,18,1,27,166,0,0,true,false,false,1001,-1,-1,0,0,0,1500,0,-1,-1,false,0,0,0
553,"d2e5","ex1/02_dra_d2/evt/d2e5/level/d2e5",1,498,511,2041,291,0,12,0,0,0,true,false,false,1001,122020,124561,853262,0,75,-1,0,-1,-1,false,1,0,0
554,"r2p1","ex1/01_roc_r2/pvp/r2p1/level/r2p1",4,25,508,1740,296,2,18,180,67,2,true,false,true,1001,122004,124318,0,0,0,-1,161,-1,-1,true,1,0,0
555,"d2d6","ex1/02_dra_d2/dun/d2d6/level/d2d6",1,498,511,2090,292,2,3,171,0,0,true,false,false,1001,122018,124809,0,0,0,-1,146,-1,-1,false,1,0,0
556,"z2r2","ex1/05_zon_z2/rad/z2r2/level/z2r2",1,26,509,1742,298,2,8,168,0,0,true,false,false,1001,122022,124622,0,0,0,-1,0,-1,-1,false,1,0,0
557,"s1da","ffxiv/sea_s1/dun/s1da/level/s1da",1,22,502,1377,297,2,3,172,68,0,true,false,false,1001,122001,124017,0,0,0,-1,162,-1,-1,false,1,0,0
558,"w1c1","ffxiv/wil_w1/cnt/w1c1/level/w1c1",1,25,508,1799,315,3,33,179,0,0,true,false,false,1001,122010,124741,0,0,0,-1,0,-1,-1,false,0,0,0
559,"r1fe","ffxiv/roc_r1/fld/r1fe/level/r1fe",1,25,508,406,304,2,10,169,28,0,true,false,false,1001,122004,124316,0,0,0,-1,155,-1,-1,false,1,0,0
560,"ec002","ex1/03_abr_a2/dun/a2d1/level/a2d1",1,497,510,2147,231,1,29,173,0,0,true,false,false,1001,-1,-1,0,0,0,-1,0,-1,-1,false,1,0,0
561,"f1c1_dd001","ffxiv/fst_f1/cnt/f1c1/level/f1c1",1,23,507,1793,0,2,31,174,0,0,true,false,false,1001,122003,124216,0,0,0,-1,156,-1,-1,false,0,0,0
562,"f1c2_dd002","ffxiv/fst_f1/cnt/f1c2/level/f1c2",1,23,507,1793,0,2,31,175,0,0,true,false,false,1001,122003,124216,0,0,0,-1,157,-1,-1,false,0,0,0
563,"f1c3_dd003","ffxiv/fst_f1/cnt/f1c3/level/f1c3",1,23,507,1793,0,2,31,176,0,0,true,false,false,1001,122003,124216,0,0,0,-1,158,-1,-1,false,0,0,0
564,"f1c4_dd004","ffxiv/fst_f1/cnt/f1c4/level/f1c4",1,23,507,1793,0,2,31,177,0,0,true,false,false,1001,122003,124216,0,0,0,-1,159,-1,-1,false,0,0,0
565,"f1c4_dd005","ffxiv/fst_f1/cnt/f1c4/level/f1c4",1,23,507,1793,0,2,31,178,0,0,true,false,false,1001,122003,124216,0,0,0,-1,160,-1,-1,false,1,0,0
566,"r1fe_2","ffxiv/roc_r1/fld/r1fe/level/r1fe",1,25,508,406,304,2,10,170,28,0,true,false,false,1001,122004,124317,0,0,0,-1,147,-1,-1,false,1,0,0
567,"a2e3","ex1/03_abr_a2/evt/a2e3/level/a2e3",1,497,510,1803,305,0,15,0,0,0,true,false,false,1195,-1,-1,853289,0,73,-1,0,-1,-1,false,1,0,0
568,"a2e4","ex1/03_abr_a2/evt/a2e4/level/a2e4",1,497,510,1804,306,0,15,0,0,0,true,false,false,1195,-1,-1,0,0,73,-1,0,-1,-1,false,1,0,0
569,"r1e3","ffxiv/roc_r1/evt/r1e3/level/r1e3",1,25,508,406,307,0,7,0,28,0,true,false,false,382,-1,-1,853296,0,23,-1,0,-1,-1,false,1,0,0
570,"f1e7","ffxiv/fst_f1/evt/f1e7/level/f1e7",1,23,507,1793,314,0,12,0,0,0,true,false,false,1001,122003,124216,0,0,5,-1,0,-1,-1,false,0,0,0
571,"f1d9","ffxiv/fst_f1/dun/f1d9/level/f1d9",1,23,507,1834,317,2,34,181,0,0,true,false,false,408,122010,124742,0,0,0,-1,176,-1,-1,false,0,0,0
572,"r2d3","ex1/01_roc_r2/dun/r2d3/level/r2d3",1,25,508,1792,313,2,3,182,40,0,true,false,false,1001,122004,124319,0,0,0,-1,174,-1,-1,false,1,0,0
573,"s1i6","ffxiv/sea_s1/ind/s1i6/level/s1i6",1,22,502,1811,320,0,14,0,0,0,true,false,false,1083,122001,123010,0,0,8,-1,0,-1,-1,false,0,0,0
574,"f1i6","ffxiv/fst_f1/ind/f1i6/level/f1i6",1,23,507,1813,321,0,14,0,0,0,true,false,false,1110,122003,123208,0,0,2,-1,0,-1,-1,false,0,0,0
575,"w1i6","ffxiv/wil_w1/ind/w1i6/level/w1i6",1,24,505,1815,322,0,14,0,0,0,true,false,false,1109,122002,123109,0,0,9,-1,0,-1,-1,false,0,0,0
576,"a2fe","ex1/03_abr_a2/fld/a2fe/level/a2fe",1,497,510,2265,334,2,10,183,69,0,true,false,false,1001,122019,124913,0,0,0,-1,168,-1,-1,false,1,0,0
577,"a2fe_2","ex1/03_abr_a2/fld/a2fe/level/a2fe",1,497,510,2265,334,2,10,184,69,0,true,false,false,1001,122019,124914,0,0,0,-1,169,-1,-1,false,1,0,0
578,"d2d7","ex1/02_dra_d2/dun/d2d7/level/d2d7",1,498,511,2038,311,2,3,196,0,0,true,false,false,1001,122018,124810,0,0,0,-1,175,-1,-1,false,1,0,0
579,"w1ee","ffxiv/wil_w1/evt/w1ee/level/w1ee",1,24,505,1665,295,3,35,195,0,0,true,false,false,222,122002,124117,0,0,0,-1,77,-1,-1,false,0,0,0
580,"d2a9","ex1/02_dra_d2/alx/d2a9/level/d2a9",1,498,511,1835,326,2,16,186,0,0,true,false,false,1001,122020,124571,0,0,0,-1,163,-1,-1,false,1,0,0
581,"d2aa","ex1/02_dra_d2/alx/d2aa/level/d2aa",1,498,511,1841,328,2,16,187,0,0,true,false,false,1001,122020,124572,0,0,0,-1,165,-1,-1,false,1,0,0
582,"d2ab","ex1/02_dra_d2/alx/d2ab/level/d2ab",1,498,511,1847,330,2,16,188,0,0,true,false,false,1001,122020,124573,0,0,0,-1,170,-1,-1,false,1,0,0
583,"d2ac","ex1/02_dra_d2/alx/d2ac/level/d2ac",1,498,511,1853,332,2,17,189,0,0,true,false,false,1001,122020,124574,0,0,0,-1,172,-1,-1,false,1,0,0
584,"d2a9_2","ex1/02_dra_d2/alx/d2a9/level/d2a9",1,498,511,1835,326,2,16,190,0,0,true,false,false,1001,122020,124575,0,0,0,-1,164,-1,-1,false,1,0,0
585,"d2aa_2","ex1/02_dra_d2/alx/d2aa/level/d2aa",1,498,511,1841,328,2,16,191,0,0,true,false,false,1001,122020,124576,0,0,0,-1,166,-1,-1,false,1,0,0
586,"d2ab_2","ex1/02_dra_d2/alx/d2ab/level/d2ab",1,498,511,1847,330,2,16,192,0,0,true,false,false,1001,122020,124577,0,0,0,-1,171,-1,-1,false,1,0,0
587,"d2ac_2","ex1/02_dra_d2/alx/d2ac/level/d2ac",1,498,511,1853,332,2,17,193,0,0,true,false,false,1001,122020,124578,0,0,0,-1,173,-1,-1,false,1,0,0
588,"d2e7","ex1/02_dra_d2/evt/d2e7/level/d2e7",1,498,511,1847,341,0,12,0,0,0,true,false,false,1001,122020,124570,853334,0,75,-1,0,-1,-1,false,1,0,0
589,"s1p3_2","ffxiv/sea_s1/pvp/s1p3/level/s1p3",6,24,505,1500,0,3,25,197,0,0,true,false,false,1001,-1,-1,0,0,0,-1,0,-1,-1,false,0,0,0
590,"s1p3_3","ffxiv/sea_s1/pvp/s1p3/level/s1p3",6,24,505,1500,0,3,25,198,0,0,true,false,false,1001,-1,-1,0,0,0,-1,0,-1,-1,false,0,0,0
591,"s1p3_4","ffxiv/sea_s1/pvp/s1p3/level/s1p3",6,24,505,1500,0,3,25,199,0,0,true,false,false,1001,-1,-1,0,0,0,-1,0,-1,-1,false,0,0,0
592,"ec003","ffxiv/wil_w1/fld/w1fa/level/w1fa",1,24,505,357,35,1,29,194,28,0,true,false,false,1001,-1,-1,0,0,0,-1,192,-1,-1,false,1,0,0
593,"f1c5_dd006","ffxiv/fst_f1/cnt/f1c5/level/f1c5",1,23,507,1793,0,2,31,204,0,0,true,false,false,1001,122003,124216,0,0,0,-1,177,-1,-1,false,1,0,0
594,"f1c5_dd007","ffxiv/fst_f1/cnt/f1c5/level/f1c5",1,23,507,1793,0,2,31,205,0,0,true,false,false,1001,122003,124216,0,0,0,-1,178,-1,-1,false,1,0,0
595,"f1c5_dd008","ffxiv/fst_f1/cnt/f1c5/level/f1c5",1,23,507,1793,0,2,31,206,0,0,true,false,false,1001,122003,124216,0,0,0,-1,179,-1,-1,false,1,0,0
596,"f1c6_dd009","ffxiv/fst_f1/cnt/f1c6/level/f1c6",1,23,507,1793,0,2,31,207,0,0,true,false,false,1001,122003,124216,0,0,0,-1,180,-1,-1,false,1,0,0
597,"f1c6_dd010","ffxiv/fst_f1/cnt/f1c6/level/f1c6",1,23,507,1793,0,2,31,208,0,0,true,false,false,1001,122003,124216,0,0,0,-1,181,-1,-1,false,1,0,0
598,"f1c6_dd011","ffxiv/fst_f1/cnt/f1c6/level/f1c6",1,23,507,1793,0,2,31,209,0,0,true,false,false,1001,122003,124216,0,0,0,-1,182,-1,-1,false,1,0,0
599,"f1c8_dd012","ffxiv/fst_f1/cnt/f1c8/level/f1c8",1,23,507,1793,0,2,31,210,0,0,true,false,false,1001,122003,124216,0,0,0,-1,183,-1,-1,false,1,0,0
600,"f1c8_dd013","ffxiv/fst_f1/cnt/f1c8/level/f1c8",1,23,507,1793,0,2,31,211,0,0,true,false,false,1001,122003,124216,0,0,0,-1,184,-1,-1,false,1,0,0
601,"f1c9_dd014","ffxiv/fst_f1/cnt/f1c9/level/f1c9",1,23,507,1793,0,2,31,212,0,0,true,false,false,1001,122003,124216,0,0,0,-1,185,-1,-1,false,1,0,0
602,"f1c9_dd015","ffxiv/fst_f1/cnt/f1c9/level/f1c9",1,23,507,1793,0,2,31,213,0,0,true,false,false,1001,122003,124216,0,0,0,-1,186,-1,-1,false,1,0,0
603,"f1c7_dd016","ffxiv/fst_f1/cnt/f1c7/level/f1c7",1,23,507,1793,0,2,31,214,0,0,true,false,false,1001,122003,124216,0,0,0,-1,187,-1,-1,false,1,0,0
604,"f1c7_dd017","ffxiv/fst_f1/cnt/f1c7/level/f1c7",1,23,507,1793,0,2,31,215,0,0,true,false,false,1001,122003,124216,0,0,0,-1,188,-1,-1,false,1,0,0
605,"f1c7_dd018","ffxiv/fst_f1/cnt/f1c7/level/f1c7",1,23,507,1793,0,2,31,216,0,0,true,false,false,1001,122003,124216,0,0,0,-1,189,-1,-1,false,1,0,0
606,"f1c7_dd019","ffxiv/fst_f1/cnt/f1c7/level/f1c7",1,23,507,1793,0,2,31,217,0,0,true,false,false,1001,122003,124216,0,0,0,-1,190,-1,-1,false,1,0,0
607,"f1c7_dd020","ffxiv/fst_f1/cnt/f1c7/level/f1c7",1,23,507,1793,0,2,31,218,0,0,true,false,false,1001,122003,124216,0,0,0,-1,191,-1,-1,false,1,0,0
608,"s1i4_2","ffxiv/sea_s1/ind/s1i4/level/s1i4",1,22,502,1812,323,0,14,0,0,0,true,false,false,1083,122001,123010,0,0,8,-1,0,-1,-1,false,0,0,0
609,"f1i4_2","ffxiv/fst_f1/ind/f1i4/level/f1i4",1,23,507,1814,324,0,14,0,0,0,true,false,false,1110,122003,123208,0,0,2,-1,0,-1,-1,false,0,0,0
610,"w1i4_2","ffxiv/wil_w1/ind/w1i4/level/w1i4",1,24,505,1816,325,0,14,0,0,0,true,false,false,1109,122002,123109,0,0,9,-1,0,-1,-1,false,0,0,0
611,"w1ef","ffxiv/wil_w1/evt/w1ef/level/w1ef",1,24,504,695,335,0,32,0,0,0,true,false,false,175,-1,-1,0,0,9,-1,0,-1,-1,false,0,0,0
612,"","",0,0,0,0,0,0,0,0,0,0,false,false,false,0,0,0,0,0,0,0,0,0,0,false,0,0,0
613,"","",0,0,0,0,0,0,0,0,0,0,false,false,false,0,0,0,0,0,0,0,0,0,0,false,0,0,0
614,"","",0,0,0,0,0,0,0,0,0,0,false,false,false,0,0,0,0,0,0,0,0,0,0,false,0,0,0
615,"f1da","ffxiv/fst_f1/dun/f1da/level/f1da",1,23,507,1857,337,2,3,219,40,0,true,false,false,1001,122003,124217,0,0,0,-1,202,-1,-1,false,1,0,0
616,"","",0,0,0,0,0,0,0,0,0,0,false,false,false,0,0,0,0,0,0,0,0,0,0,false,0,0,0
617,"d2d8","ex1/02_dra_d2/dun/d2d8/level/d2d8",1,498,511,2031,350,2,3,221,28,0,true,false,false,1001,122018,124811,0,0,0,-1,201,-1,-1,false,1,0,0
618,"s1p4_2","ffxiv/sea_s1/pvp/s1p4/level/s1p4",4,22,502,1664,284,2,37,200,64,0,true,false,false,1001,122001,124016,0,0,0,-1,138,-1,-1,true,1,0,0
619,"s1p5_5","ffxiv/sea_s1/pvp/s1p5/level/s1p5",4,22,502,1664,285,2,37,201,65,0,true,false,false,1001,122001,124016,0,0,0,-1,138,-1,-1,true,1,0,0
620,"","",0,0,0,0,0,0,0,0,0,0,false,false,false,0,0,0,0,0,0,0,0,0,0,false,0,0,0
621,"","",0,0,0,0,0,0,0,0,0,0,false,false,false,0,0,0,0,0,0,0,0,0,0,false,0,0,0
622,"","",0,0,0,0,0,0,0,0,0,0,false,false,false,0,0,0,0,0,0,0,0,0,0,false,0,0,0
623,"","",0,0,0,0,0,0,0,0,0,0,false,false,false,0,0,0,0,0,0,0,0,0,0,false,0,0,0
624,"a2fc_4","ex1/03_abr_a2/fld/a2fc/level/a2fc",1,497,510,1647,276,2,38,202,60,0,true,true,true,1177,122019,124908,0,0,0,1400,131,-1,-1,false,1,0,0
625,"a2fc_5","ex1/03_abr_a2/fld/a2fc/level/a2fc",1,497,510,1647,275,2,38,203,61,0,true,true,true,1177,122019,124909,0,0,0,1700,131,-1,-1,false,1,0,0
626,"","",0,0,0,0,0,0,0,0,0,0,false,false,false,0,0,0,0,0,0,0,0,0,0,false,0,0,0
627,"z2r3","ex1/05_zon_z2/rad/z2r3/level/z2r3",1,497,510,1868,343,2,8,220,58,0,true,false,false,1001,122022,124623,0,0,0,-1,0,6,-1,false,1,0,0
628,"","",0,0,0,0,0,0,0,0,0,0,false,false,false,0,0,0,0,0,0,0,0,0,0,false,0,0,0
629,"","",0,0,0,0,0,0,0,0,0,0,false,false,false,0,0,0,0,0,0,0,0,0,0,false,0,0,0
630,"","",0,0,0,0,0,0,0,0,0,0,false,false,false,0,0,0,0,0,0,0,0,0,0,false,0,0,0
631,"","",0,0,0,0,0,0,0,0,0,0,false,false,false,0,0,0,0,0,0,0,0,0,0,false,0,0,0
632,"","",0,0,0,0,0,0,0,0,0,0,false,false,false,0,0,0,0,0,0,0,0,0,0,false,0,0,0
633,"","",0,0,0,0,0,0,0,0,0,0,false,false,false,0,0,0,0,0,0,0,0,0,0,false,0,0,0
634,"","",0,0,0,0,0,0,0,0,0,0,false,false,false,0,0,0,0,0,0,0,0,0,0,false,0,0,0
635,"","",0,0,0,0,0,0,0,0,0,0,false,false,false,0,0,0,0,0,0,0,0,0,0,false,0,0,0
636,"","",0,0,0,0,0,0,0,0,0,0,false,false,false,0,0,0,0,0,0,0,0,0,0,false,0,0,0
637,"a2fg","ex1/03_abr_a2/fld/a2fg/level/a2fg",1,497,510,2266,353,2,10,223,75,0,true,false,false,1001,122019,124915,0,0,0,-1,204,-1,-1,false,1,0,0
638,"a2fg_2","ex1/03_abr_a2/fld/a2fg/level/a2fg",1,497,510,2266,353,2,10,224,75,0,true,false,false,1001,122019,124916,0,0,0,-1,205,-1,-1,false,1,0,0
639,"","",0,0,0,0,0,0,0,0,0,0,false,false,false,0,0,0,0,0,0,0,0,0,0,false,0,0,0
640,"","",0,0,0,0,0,0,0,0,0,0,false,false,false,0,0,0,0,0,0,0,0,0,0,false,0,0,0
641,"","",0,0,0,0,0,0,0,0,0,0,false,false,false,0,0,0,0,0,0,0,0,0,0,false,0,0,0
642,"","",0,0,0,0,0,0,0,0,0,0,false,false,false,0,0,0,0,0,0,0,0,0,0,false,0,0,0
643,"","",0,0,0,0,0,0,0,0,0,0,false,false,false,0,0,0,0,0,0,0,0,0,0,false,0,0,0
644,"","",0,0,0,0,0,0,0,0,0,0,false,false,false,0,0,0,0,0,0,0,0,0,0,false,0,0,0
645,"","",0,0,0,0,0,0,0,0,0,0,false,false,false,0,0,0,0,0,0,0,0,0,0,false,0,0,0
646,"","",0,0,0,0,0,0,0,0,0,0,false,false,false,0,0,0,0,0,0,0,0,0,0,false,0,0,0
647,"","",0,0,0,0,0,0,0,0,0,0,false,false,false,0,0,0,0,0,0,0,0,0,0,false,0,0,0
648,"","",0,0,0,0,0,0,0,0,0,0,false,false,false,0,0,0,0,0,0,0,0,0,0,false,0,0,0
649,"","",0,0,0,0,0,0,0,0,0,0,false,false,false,0,0,0,0,0,0,0,0,0,0,false,0,0,0
650,"","",0,0,0,0,0,0,0,0,0,0,false,false,false,0,0,0,0,0,0,0,0,0,0,false,0,0,0
651,"","",0,0,0,0,0,0,0,0,0,0,false,false,false,0,0,0,0,0,0,0,0,0,0,false,0,0,0
652,"","",0,0,0,0,0,0,0,0,0,0,false,false,false,0,0,0,0,0,0,0,0,0,0,false,0,0,0
653,"","",0,0,0,0,0,0,0,0,0,0,false,false,false,0,0,0,0,0,0,0,0,0,0,false,0,0,0
654,"","",0,0,0,0,0,0,0,0,0,0,false,false,false,0,0,0,0,0,0,0,0,0,0,false,0,0,0
655,"","",0,0,0,0,0,0,0,0,0,0,false,false,false,0,0,0,0,0,0,0,0,0,0,false,0,0,0
656,"","",0,0,0,0,0,0,0,0,0,0,false,false,false,0,0,0,0,0,0,0,0,0,0,false,0,0,0
657,"","",0,0,0,0,0,0,0,0,0,0,false,false,false,0,0,0,0,0,0,0,0,0,0,false,0,0,0
658,"","",0,0,0,0,0,0,0,0,0,0,false,false,false,0,0,0,0,0,0,0,0,0,0,false,0,0,0
659,"","",0,0,0,0,0,0,0,0,0,0,false,false,false,0,0,0,0,0,0,0,0,0,0,false,0,0,0
660,"","",0,0,0,0,0,0,0,0,0,0,false,false,false,0,0,0,0,0,0,0,0,0,0,false,0,0,0
661,"","",0,0,0,0,0,0,0,0,0,0,false,false,false,0,0,0,0,0,0,0,0,0,0,false,0,0,0
662,"","",0,0,0,0,0,0,0,0,0,0,false,false,false,0,0,0,0,0,0,0,0,0,0,false,0,0,0
663,"","",0,0,0,0,0,0,0,0,0,0,false,false,false,0,0,0,0,0,0,0,0,0,0,false,0,0,0
664,"","",0,0,0,0,0,0,0,0,0,0,false,false,false,0,0,0,0,0,0,0,0,0,0,false,0,0,0
665,"","",0,0,0,0,0,0,0,0,0,0,false,false,false,0,0,0,0,0,0,0,0,0,0,false,0,0,0
666,"","",0,0,0,0,0,0,0,0,0,0,false,false,false,0,0,0,0,0,0,0,0,0,0,false,0,0,0
667,"","",0,0,0,0,0,0,0,0,0,0,false,false,false,0,0,0,0,0,0,0,0,0,0,false,0,0,0
